Sample_file	Query_file	Adjusted_ANI	Naive_ANI	ANI_5-95_percentile	Eff_cov	Eff_lambda	Lambda_5-95_percentile	Median_cov	Mean_cov_geq1	Containment_ind	Contig_name
kang_reads/ERR10019723_1.fastq.gz	kleb.fna	99.77	99.77	NA-NA	259.332	HIGH	NA-NA	262	259.332	20702/22210	NC_016845.1 Klebsiella pneumoniae subsp. pneumoniae HS11286 chromosome, complete genome
kang_reads/ERR8610098_1.fastq.gz	kleb.fna	99.77	99.77	NA-NA	79.449	HIGH	NA-NA	79	79.449	20653/22210	NC_016845.1 Klebsiella pneumoniae subsp. pneumoniae HS11286 chromosome, complete genome
kang_reads/ERR8610012_1.fastq.gz	kleb.fna	99.76	99.76	NA-NA	63.370	HIGH	NA-NA	57	63.370	20605/22210	NC_016845.1 Klebsiella pneumoniae subsp. pneumoniae HS11286 chromosome, complete genome
kang_reads/ERR10019338_1.fastq.gz	kleb.fna	99.75	99.75	NA-NA	287.483	HIGH	NA-NA	289	287.483	20529/22210	NC_016845.1 Klebsiella pneumoniae subsp. pneumoniae HS11286 chromosome, complete genome
kang_reads/ERR8609780_1.fastq.gz	kleb.fna	99.71	93.50	99.32-100.20	0.138	0.138	0.11-0.15	1	2.465	2763/22210	NC_016845.1 Klebsiella pneumoniae subsp. pneumoniae HS11286 chromosome, complete genome
kang_reads/ERR8609781_1.fastq.gz	kleb.fna	99.70	99.70	NA-NA	57.803	HIGH	NA-NA	54	57.803	20242/22210	NC_016845.1 Klebsiella pneumoniae subsp. pneumoniae HS11286 chromosome, complete genome
kang_reads/ERR8610089_1.fastq.gz	kleb.fna	99.69	99.69	NA-NA	68.838	HIGH	NA-NA	63	68.838	20174/22210	NC_016845.1 Klebsiella pneumoniae subsp. pneumoniae HS11286 chromosome, complete genome
kang_reads/ERR8609827_1.fastq.gz	kleb.fna	99.67	99.67	NA-NA	19.197	HIGH	NA-NA	17	19.197	20073/22210	NC_016845.1 Klebsiella pneumoniae subsp. pneumoniae HS11286 chromosome, complete genome
kang_reads/ERR8609955_1.fastq.gz	kleb.fna	99.66	99.66	NA-NA	15.557	HIGH	NA-NA	15	15.557	19965/22210	NC_016845.1 Klebsiella pneumoniae subsp. pneumoniae HS11286 chromosome, complete genome
kang_reads/ERR8609927_1.fastq.gz	kleb.fna	99.61	99.61	NA-NA	26.488	HIGH	NA-NA	23	26.488	19685/22210	NC_016845.1 Klebsiella pneumoniae subsp. pneumoniae HS11286 chromosome, complete genome
kang_reads/ERR8609833_1.fastq.gz	kleb.fna	99.61	99.61	NA-NA	11.513	HIGH	NA-NA	10	11.513	19679/22210	NC_016845.1 Klebsiella pneumoniae subsp. pneumoniae HS11286 chromosome, complete genome
kang_reads/ERR8610075_1.fastq.gz	kleb.fna	99.60	99.60	NA-NA	25.645	HIGH	NA-NA	21	25.645	19588/22210	NC_016845.1 Klebsiella pneumoniae subsp. pneumoniae HS11286 chromosome, complete genome
kang_reads/ERR8610088_1.fastq.gz	kleb.fna	99.58	88.83	98.04-101.76	0.029	0.029	0.01-0.05	1	1.014	565/22210	NC_016845.1 Klebsiella pneumoniae subsp. pneumoniae HS11286 chromosome, complete genome
kang_reads/ERR8609913_1.fastq.gz	kleb.fna	99.58	99.07	99.54-99.61	1.878	1.878	1.82-1.95	2	2.864	16640/22210	NC_016845.1 Klebsiella pneumoniae subsp. pneumoniae HS11286 chromosome, complete genome
kang_reads/ERR8609870_1.fastq.gz	kleb.fna	99.56	99.56	NA-NA	10.076	HIGH	NA-NA	9	10.076	19400/22210	NC_016845.1 Klebsiella pneumoniae subsp. pneumoniae HS11286 chromosome, complete genome
kang_reads/ERR8610064_1.fastq.gz	kleb.fna	99.54	99.54	NA-NA	20.670	HIGH	NA-NA	20	20.670	19280/22210	NC_016845.1 Klebsiella pneumoniae subsp. pneumoniae HS11286 chromosome, complete genome
kang_reads/ERR8609920_1.fastq.gz	kleb.fna	99.54	99.54	NA-NA	22.885	HIGH	NA-NA	22	22.885	19248/22210	NC_016845.1 Klebsiella pneumoniae subsp. pneumoniae HS11286 chromosome, complete genome
kang_reads/ERR8609847_1.fastq.gz	kleb.fna	99.53	99.53	NA-NA	77.363	HIGH	NA-NA	82	77.363	19188/22210	NC_016845.1 Klebsiella pneumoniae subsp. pneumoniae HS11286 chromosome, complete genome
kang_reads/ERR8609883_1.fastq.gz	kleb.fna	99.53	99.53	NA-NA	12.142	HIGH	NA-NA	11	12.142	19185/22210	NC_016845.1 Klebsiella pneumoniae subsp. pneumoniae HS11286 chromosome, complete genome
kang_reads/ERR8609915_1.fastq.gz	kleb.fna	99.52	99.52	NA-NA	11.211	HIGH	NA-NA	11	11.211	19142/22210	NC_016845.1 Klebsiella pneumoniae subsp. pneumoniae HS11286 chromosome, complete genome
kang_reads/ERR8609942_1.fastq.gz	kleb.fna	99.52	98.82	99.47-99.56	1.572	1.572	1.52-1.62	2	2.939	15356/22210	NC_016845.1 Klebsiella pneumoniae subsp. pneumoniae HS11286 chromosome, complete genome
kang_reads/ERR9712237_1.fastq.gz	kleb.fna	99.51	98.95	99.47-99.56	1.758	1.758	1.70-1.82	2	10.473	15988/22210	NC_016845.1 Klebsiella pneumoniae subsp. pneumoniae HS11286 chromosome, complete genome
kang_reads/ERR8610115_1.fastq.gz	kleb.fna	99.51	99.51	NA-NA	130.927	HIGH	NA-NA	121	130.927	19070/22210	NC_016845.1 Klebsiella pneumoniae subsp. pneumoniae HS11286 chromosome, complete genome
kang_reads/ERR8609810_1.fastq.gz	kleb.fna	99.51	98.93	99.47-99.55	1.739	1.739	1.68-1.80	2	3.113	15918/22210	NC_016845.1 Klebsiella pneumoniae subsp. pneumoniae HS11286 chromosome, complete genome
kang_reads/ERR8609819_1.fastq.gz	kleb.fna	99.51	99.00	99.47-99.54	1.855	1.855	1.79-1.91	2	7.422	16285/22210	NC_016845.1 Klebsiella pneumoniae subsp. pneumoniae HS11286 chromosome, complete genome
kang_reads/ERR8610073_1.fastq.gz	kleb.fna	99.49	99.49	NA-NA	14.260	HIGH	NA-NA	13	14.260	18979/22210	NC_016845.1 Klebsiella pneumoniae subsp. pneumoniae HS11286 chromosome, complete genome
kang_reads/ERR8610017_1.fastq.gz	kleb.fna	99.49	99.49	NA-NA	14.561	HIGH	NA-NA	13	14.561	18967/22210	NC_016845.1 Klebsiella pneumoniae subsp. pneumoniae HS11286 chromosome, complete genome
kang_reads/ERR8609841_1.fastq.gz	kleb.fna	99.48	99.48	NA-NA	5.964	HIGH	NA-NA	5	5.964	18900/22210	NC_016845.1 Klebsiella pneumoniae subsp. pneumoniae HS11286 chromosome, complete genome
kang_reads/ERR8609845_1.fastq.gz	kleb.fna	99.48	99.48	NA-NA	7.115	HIGH	NA-NA	5	7.115	18894/22210	NC_016845.1 Klebsiella pneumoniae subsp. pneumoniae HS11286 chromosome, complete genome
kang_reads/ERR9709641_1.fastq.gz	kleb.fna	99.46	99.46	NA-NA	416.206	HIGH	NA-NA	439	416.206	18762/22210	NC_016845.1 Klebsiella pneumoniae subsp. pneumoniae HS11286 chromosome, complete genome
kang_reads/ERR8609797_1.fastq.gz	kleb.fna	99.44	98.61	99.39-99.48	1.430	1.430	1.39-1.47	2	2.451	14395/22210	NC_016845.1 Klebsiella pneumoniae subsp. pneumoniae HS11286 chromosome, complete genome
kang_reads/ERR8609832_1.fastq.gz	kleb.fna	99.43	99.43	NA-NA	6.797	HIGH	NA-NA	6	6.797	18631/22210	NC_016845.1 Klebsiella pneumoniae subsp. pneumoniae HS11286 chromosome, complete genome
kang_reads/ERR9709748_1.fastq.gz	kleb.fna	99.42	94.26	99.11-99.73	0.193	0.193	0.17-0.22	1	26.424	3551/22210	NC_016845.1 Klebsiella pneumoniae subsp. pneumoniae HS11286 chromosome, complete genome
kang_reads/ERR8610037_1.fastq.gz	kleb.fna	99.40	98.32	99.35-99.46	1.203	1.203	1.17-1.24	2	2.216	13123/22210	NC_016845.1 Klebsiella pneumoniae subsp. pneumoniae HS11286 chromosome, complete genome
kang_reads/ERR8609932_1.fastq.gz	kleb.fna	99.40	99.40	NA-NA	25.533	HIGH	NA-NA	24	25.533	18443/22210	NC_016845.1 Klebsiella pneumoniae subsp. pneumoniae HS11286 chromosome, complete genome
kang_reads/ERR10017972_1.fastq.gz	kleb.fna	99.40	99.40	NA-NA	267.654	HIGH	NA-NA	285	267.654	18434/22210	NC_016845.1 Klebsiella pneumoniae subsp. pneumoniae HS11286 chromosome, complete genome
kang_reads/ERR8610019_1.fastq.gz	kleb.fna	99.39	99.39	NA-NA	11.498	HIGH	NA-NA	8	11.498	18399/22210	NC_016845.1 Klebsiella pneumoniae subsp. pneumoniae HS11286 chromosome, complete genome
kang_reads/ERR8609908_1.fastq.gz	kleb.fna	99.39	98.86	99.34-99.44	1.828	1.828	1.76-1.89	2	2.873	15568/22210	NC_016845.1 Klebsiella pneumoniae subsp. pneumoniae HS11286 chromosome, complete genome
kang_reads/ERR8609958_1.fastq.gz	kleb.fna	99.39	98.67	99.35-99.44	1.532	1.532	1.48-1.57	2	3.950	14685/22210	NC_016845.1 Klebsiella pneumoniae subsp. pneumoniae HS11286 chromosome, complete genome
kang_reads/ERR8609880_1.fastq.gz	kleb.fna	99.39	98.71	99.34-99.43	1.608	1.608	1.56-1.66	2	2.522	14828/22210	NC_016845.1 Klebsiella pneumoniae subsp. pneumoniae HS11286 chromosome, complete genome
kang_reads/ERR9709904_1.fastq.gz	kleb.fna	99.39	98.05	99.32-99.45	1.028	1.028	0.99-1.06	1	15.888	12069/22210	NC_016845.1 Klebsiella pneumoniae subsp. pneumoniae HS11286 chromosome, complete genome
kang_reads/ERR9709607_1.fastq.gz	kleb.fna	99.39	97.94	99.32-99.46	0.967	0.967	0.93-1.00	1	16.409	11649/22210	NC_016845.1 Klebsiella pneumoniae subsp. pneumoniae HS11286 chromosome, complete genome
kang_reads/ERR8609939_1.fastq.gz	kleb.fna	99.38	99.38	NA-NA	35.824	HIGH	NA-NA	37	35.824	18309/22210	NC_016845.1 Klebsiella pneumoniae subsp. pneumoniae HS11286 chromosome, complete genome
kang_reads/ERR8610010_1.fastq.gz	kleb.fna	99.38	99.38	NA-NA	38.456	HIGH	NA-NA	34	38.456	18303/22210	NC_016845.1 Klebsiella pneumoniae subsp. pneumoniae HS11286 chromosome, complete genome
kang_reads/ERR9709950_1.fastq.gz	kleb.fna	99.38	97.82	99.30-99.45	0.905	0.905	0.88-0.94	1	11.858	11199/22210	NC_016845.1 Klebsiella pneumoniae subsp. pneumoniae HS11286 chromosome, complete genome
kang_reads/ERR8609972_1.fastq.gz	kleb.fna	99.37	99.37	NA-NA	13.790	HIGH	NA-NA	6	13.790	18276/22210	NC_016845.1 Klebsiella pneumoniae subsp. pneumoniae HS11286 chromosome, complete genome
kang_reads/ERR8609817_1.fastq.gz	kleb.fna	99.36	99.36	NA-NA	8.430	HIGH	NA-NA	4	8.430	18218/22210	NC_016845.1 Klebsiella pneumoniae subsp. pneumoniae HS11286 chromosome, complete genome
kang_reads/ERR8610122_1.fastq.gz	kleb.fna	99.36	99.36	NA-NA	4.103	HIGH	NA-NA	4	4.103	18174/22210	NC_016845.1 Klebsiella pneumoniae subsp. pneumoniae HS11286 chromosome, complete genome
kang_reads/ERR9709944_1.fastq.gz	kleb.fna	99.35	94.66	99.15-99.67	0.235	0.235	0.21-0.25	1	16.649	4053/22210	NC_016845.1 Klebsiella pneumoniae subsp. pneumoniae HS11286 chromosome, complete genome
kang_reads/ERR8609952_1.fastq.gz	kleb.fna	99.35	98.64	99.31-99.40	1.562	1.562	1.51-1.61	2	6.261	14545/22210	NC_016845.1 Klebsiella pneumoniae subsp. pneumoniae HS11286 chromosome, complete genome
kang_reads/ERR8610036_1.fastq.gz	kleb.fna	99.35	99.35	NA-NA	11.125	HIGH	NA-NA	10	11.125	18136/22210	NC_016845.1 Klebsiella pneumoniae subsp. pneumoniae HS11286 chromosome, complete genome
kang_reads/ERR9710900_1.fastq.gz	kleb.fna	99.35	97.50	99.26-99.43	0.766	0.766	0.74-0.79	1	30.766	10134/22210	NC_016845.1 Klebsiella pneumoniae subsp. pneumoniae HS11286 chromosome, complete genome
kang_reads/ERR8610111_1.fastq.gz	kleb.fna	99.35	99.35	NA-NA	11.480	HIGH	NA-NA	10	11.480	18128/22210	NC_016845.1 Klebsiella pneumoniae subsp. pneumoniae HS11286 chromosome, complete genome
kang_reads/ERR10020100_1.fastq.gz	kleb.fna	99.35	93.56	98.90-99.70	0.148	0.148	0.13-0.17	1	37.800	2816/22210	NC_016845.1 Klebsiella pneumoniae subsp. pneumoniae HS11286 chromosome, complete genome
kang_reads/ERR9706898_1.fastq.gz	kleb.fna	99.35	97.39	99.26-99.44	0.737	0.737	0.71-0.76	1	17.679	9773/22210	NC_016845.1 Klebsiella pneumoniae subsp. pneumoniae HS11286 chromosome, complete genome
kang_reads/ERR8610106_1.fastq.gz	kleb.fna	99.34	98.21	99.29-99.40	1.168	1.168	1.14-1.20	2	2.267	12689/22210	NC_016845.1 Klebsiella pneumoniae subsp. pneumoniae HS11286 chromosome, complete genome
kang_reads/ERR9709581_1.fastq.gz	kleb.fna	99.34	97.78	99.25-99.42	0.908	0.908	0.88-0.94	1	18.022	11076/22210	NC_016845.1 Klebsiella pneumoniae subsp. pneumoniae HS11286 chromosome, complete genome
kang_reads/ERR8610085_1.fastq.gz	kleb.fna	99.33	98.73	99.29-99.38	1.720	1.720	1.67-1.77	2	2.584	14942/22210	NC_016845.1 Klebsiella pneumoniae subsp. pneumoniae HS11286 chromosome, complete genome
kang_reads/ERR8609786_1.fastq.gz	kleb.fna	99.33	98.30	99.27-99.38	1.253	1.253	1.22-1.29	2	2.301	13054/22210	NC_016845.1 Klebsiella pneumoniae subsp. pneumoniae HS11286 chromosome, complete genome
kang_reads/ERR8610097_1.fastq.gz	kleb.fna	99.33	93.88	98.97-99.64	0.187	0.187	0.17-0.21	1	1.110	3136/22210	NC_016845.1 Klebsiella pneumoniae subsp. pneumoniae HS11286 chromosome, complete genome
kang_reads/ERR10020136_1.fastq.gz	kleb.fna	99.32	97.56	99.25-99.40	0.815	0.815	0.79-0.84	1	16.968	10327/22210	NC_016845.1 Klebsiella pneumoniae subsp. pneumoniae HS11286 chromosome, complete genome
kang_reads/ERR9709633_1.fastq.gz	kleb.fna	99.32	99.32	NA-NA	451.735	HIGH	NA-NA	479	451.735	18000/22210	NC_016845.1 Klebsiella pneumoniae subsp. pneumoniae HS11286 chromosome, complete genome
kang_reads/ERR9709588_1.fastq.gz	kleb.fna	99.32	99.32	NA-NA	474.748	HIGH	NA-NA	510	474.748	17989/22210	NC_016845.1 Klebsiella pneumoniae subsp. pneumoniae HS11286 chromosome, complete genome
kang_reads/ERR8610011_1.fastq.gz	kleb.fna	99.32	98.21	99.27-99.38	1.192	1.192	1.15-1.23	2	1.861	12669/22210	NC_016845.1 Klebsiella pneumoniae subsp. pneumoniae HS11286 chromosome, complete genome
kang_reads/ERR9706896_1.fastq.gz	kleb.fna	99.32	97.42	99.24-99.41	0.763	0.763	0.73-0.79	1	17.768	9887/22210	NC_016845.1 Klebsiella pneumoniae subsp. pneumoniae HS11286 chromosome, complete genome
kang_reads/ERR8609828_1.fastq.gz	kleb.fna	99.32	98.22	99.27-99.37	1.188	1.188	1.15-1.22	2	4.925	12742/22210	NC_016845.1 Klebsiella pneumoniae subsp. pneumoniae HS11286 chromosome, complete genome
kang_reads/ERR8609799_1.fastq.gz	kleb.fna	99.32	99.32	NA-NA	7.924	HIGH	NA-NA	8	7.924	17962/22210	NC_016845.1 Klebsiella pneumoniae subsp. pneumoniae HS11286 chromosome, complete genome
kang_reads/ERR9706889_1.fastq.gz	kleb.fna	99.32	94.20	99.03-99.66	0.192	0.192	0.17-0.21	1	35.413	3488/22210	NC_016845.1 Klebsiella pneumoniae subsp. pneumoniae HS11286 chromosome, complete genome
kang_reads/ERR8610103_1.fastq.gz	kleb.fna	99.32	98.76	99.27-99.36	1.762	1.762	1.71-1.82	2	4.902	15107/22210	NC_016845.1 Klebsiella pneumoniae subsp. pneumoniae HS11286 chromosome, complete genome
kang_reads/ERR10017666_1.fastq.gz	kleb.fna	99.31	95.01	99.12-99.60	0.248	0.248	0.22-0.26	1	66.783	4544/22210	NC_016845.1 Klebsiella pneumoniae subsp. pneumoniae HS11286 chromosome, complete genome
kang_reads/ERR8610093_1.fastq.gz	kleb.fna	99.31	98.12	99.25-99.37	1.126	1.126	1.09-1.16	2	2.132	12325/22210	NC_016845.1 Klebsiella pneumoniae subsp. pneumoniae HS11286 chromosome, complete genome
kang_reads/ERR9706921_1.fastq.gz	kleb.fna	99.31	99.31	NA-NA	494.216	HIGH	NA-NA	514	494.216	17919/22210	NC_016845.1 Klebsiella pneumoniae subsp. pneumoniae HS11286 chromosome, complete genome
kang_reads/ERR8610079_1.fastq.gz	kleb.fna	99.31	99.31	NA-NA	19.404	HIGH	NA-NA	19	19.404	17913/22210	NC_016845.1 Klebsiella pneumoniae subsp. pneumoniae HS11286 chromosome, complete genome
kang_reads/ERR8609806_1.fastq.gz	kleb.fna	99.31	99.31	NA-NA	6.924	HIGH	NA-NA	5	6.924	17905/22210	NC_016845.1 Klebsiella pneumoniae subsp. pneumoniae HS11286 chromosome, complete genome
kang_reads/ERR8610035_1.fastq.gz	kleb.fna	99.31	99.31	NA-NA	4.695	HIGH	NA-NA	4	4.695	17903/22210	NC_016845.1 Klebsiella pneumoniae subsp. pneumoniae HS11286 chromosome, complete genome
kang_reads/ERR8609979_1.fastq.gz	kleb.fna	99.30	99.30	NA-NA	20.770	HIGH	NA-NA	13	20.770	17861/22210	NC_016845.1 Klebsiella pneumoniae subsp. pneumoniae HS11286 chromosome, complete genome
kang_reads/ERR9709613_1.fastq.gz	kleb.fna	99.30	96.99	99.21-99.43	0.627	0.627	0.59-0.65	1	20.815	8621/22210	NC_016845.1 Klebsiella pneumoniae subsp. pneumoniae HS11286 chromosome, complete genome
kang_reads/ERR9709906_1.fastq.gz	kleb.fna	99.30	99.30	NA-NA	401.190	HIGH	NA-NA	417	401.190	17852/22210	NC_016845.1 Klebsiella pneumoniae subsp. pneumoniae HS11286 chromosome, complete genome
kang_reads/ERR9709635_1.fastq.gz	kleb.fna	99.30	94.58	98.98-99.62	0.207	0.207	0.19-0.23	1	105.168	3944/22210	NC_016845.1 Klebsiella pneumoniae subsp. pneumoniae HS11286 chromosome, complete genome
kang_reads/ERR8609862_1.fastq.gz	kleb.fna	99.30	98.20	99.23-99.36	1.182	1.182	1.14-1.22	2	12.324	12640/22210	NC_016845.1 Klebsiella pneumoniae subsp. pneumoniae HS11286 chromosome, complete genome
kang_reads/ERR9709647_1.fastq.gz	kleb.fna	99.30	99.30	NA-NA	409.473	HIGH	NA-NA	431	409.473	17844/22210	NC_016845.1 Klebsiella pneumoniae subsp. pneumoniae HS11286 chromosome, complete genome
kang_reads/ERR9706881_1.fastq.gz	kleb.fna	99.30	99.30	NA-NA	456.172	HIGH	NA-NA	484	456.172	17839/22210	NC_016845.1 Klebsiella pneumoniae subsp. pneumoniae HS11286 chromosome, complete genome
kang_reads/ERR8610074_1.fastq.gz	kleb.fna	99.29	98.63	99.25-99.34	1.601	1.601	1.56-1.65	2	3.361	14474/22210	NC_016845.1 Klebsiella pneumoniae subsp. pneumoniae HS11286 chromosome, complete genome
kang_reads/ERR8609914_1.fastq.gz	kleb.fna	99.29	98.62	99.25-99.34	1.618	1.618	1.56-1.66	2	2.744	14449/22210	NC_016845.1 Klebsiella pneumoniae subsp. pneumoniae HS11286 chromosome, complete genome
kang_reads/ERR9709643_1.fastq.gz	kleb.fna	99.29	97.70	99.22-99.39	0.893	0.893	0.86-0.92	1	15.723	10801/22210	NC_016845.1 Klebsiella pneumoniae subsp. pneumoniae HS11286 chromosome, complete genome
kang_reads/ERR8610121_1.fastq.gz	kleb.fna	99.29	98.02	99.23-99.35	1.071	1.071	1.03-1.10	1	2.126	11961/22210	NC_016845.1 Klebsiella pneumoniae subsp. pneumoniae HS11286 chromosome, complete genome
kang_reads/ERR9709532_1.fastq.gz	kleb.fna	99.29	99.29	NA-NA	453.009	HIGH	NA-NA	470	453.009	17820/22210	NC_016845.1 Klebsiella pneumoniae subsp. pneumoniae HS11286 chromosome, complete genome
kang_reads/ERR8610105_1.fastq.gz	kleb.fna	99.29	99.29	NA-NA	3.734	HIGH	NA-NA	3	3.734	17795/22210	NC_016845.1 Klebsiella pneumoniae subsp. pneumoniae HS11286 chromosome, complete genome
kang_reads/ERR9709948_1.fastq.gz	kleb.fna	99.29	97.43	99.21-99.38	0.778	0.778	0.75-0.81	1	17.675	9915/22210	NC_016845.1 Klebsiella pneumoniae subsp. pneumoniae HS11286 chromosome, complete genome
kang_reads/ERR8609775_1.fastq.gz	kleb.fna	99.28	99.28	NA-NA	151.639	HIGH	NA-NA	147	151.639	17765/22210	NC_016845.1 Klebsiella pneumoniae subsp. pneumoniae HS11286 chromosome, complete genome
kang_reads/ERR8609895_1.fastq.gz	kleb.fna	99.28	99.28	NA-NA	23.631	HIGH	NA-NA	23	23.631	17759/22210	NC_016845.1 Klebsiella pneumoniae subsp. pneumoniae HS11286 chromosome, complete genome
kang_reads/ERR10017994_1.fastq.gz	kleb.fna	99.28	99.28	NA-NA	333.857	HIGH	NA-NA	346	333.857	17749/22210	NC_016845.1 Klebsiella pneumoniae subsp. pneumoniae HS11286 chromosome, complete genome
kang_reads/ERR9709374_1.fastq.gz	kleb.fna	99.28	99.28	NA-NA	283.089	HIGH	NA-NA	293	283.089	17739/22210	NC_016845.1 Klebsiella pneumoniae subsp. pneumoniae HS11286 chromosome, complete genome
kang_reads/ERR8610094_1.fastq.gz	kleb.fna	99.27	99.27	NA-NA	4.203	HIGH	NA-NA	4	4.203	17721/22210	NC_016845.1 Klebsiella pneumoniae subsp. pneumoniae HS11286 chromosome, complete genome
kang_reads/ERR8609988_1.fastq.gz	kleb.fna	99.27	99.27	NA-NA	11.289	HIGH	NA-NA	11	11.289	17720/22210	NC_016845.1 Klebsiella pneumoniae subsp. pneumoniae HS11286 chromosome, complete genome
kang_reads/ERR10019726_1.fastq.gz	kleb.fna	99.27	94.92	99.09-99.53	0.265	0.265	0.24-0.28	1	29.776	4415/22210	NC_016845.1 Klebsiella pneumoniae subsp. pneumoniae HS11286 chromosome, complete genome
kang_reads/ERR9709527_1.fastq.gz	kleb.fna	99.27	97.22	99.16-99.39	0.705	0.705	0.67-0.74	1	19.751	9253/22210	NC_016845.1 Klebsiella pneumoniae subsp. pneumoniae HS11286 chromosome, complete genome
kang_reads/ERR8609839_1.fastq.gz	kleb.fna	99.27	99.27	NA-NA	20.960	HIGH	NA-NA	21	20.960	17692/22210	NC_016845.1 Klebsiella pneumoniae subsp. pneumoniae HS11286 chromosome, complete genome
kang_reads/ERR8609884_1.fastq.gz	kleb.fna	99.26	99.26	NA-NA	3.896	HIGH	NA-NA	3	3.896	17666/22210	NC_016845.1 Klebsiella pneumoniae subsp. pneumoniae HS11286 chromosome, complete genome
kang_reads/ERR8609859_1.fastq.gz	kleb.fna	99.26	99.26	NA-NA	47.075	HIGH	NA-NA	46	47.075	17659/22210	NC_016845.1 Klebsiella pneumoniae subsp. pneumoniae HS11286 chromosome, complete genome
kang_reads/ERR9709827_1.fastq.gz	kleb.fna	99.26	93.79	98.85-99.66	0.171	0.171	0.15-0.19	1	32.988	3041/22210	NC_016845.1 Klebsiella pneumoniae subsp. pneumoniae HS11286 chromosome, complete genome
kang_reads/ERR10020096_1.fastq.gz	kleb.fna	99.26	98.34	99.19-99.31	1.314	1.314	1.27-1.36	2	13.307	13202/22210	NC_016845.1 Klebsiella pneumoniae subsp. pneumoniae HS11286 chromosome, complete genome
kang_reads/ERR9709541_1.fastq.gz	kleb.fna	99.26	99.26	NA-NA	272.063	HIGH	NA-NA	279	272.063	17624/22210	NC_016845.1 Klebsiella pneumoniae subsp. pneumoniae HS11286 chromosome, complete genome
kang_reads/ERR9710902_1.fastq.gz	kleb.fna	99.26	94.33	99.01-99.52	0.212	0.212	0.19-0.23	1	23.298	3636/22210	NC_016845.1 Klebsiella pneumoniae subsp. pneumoniae HS11286 chromosome, complete genome
kang_reads/ERR9709539_1.fastq.gz	kleb.fna	99.25	97.01	99.16-99.39	0.644	0.644	0.61-0.67	1	20.946	8660/22210	NC_016845.1 Klebsiella pneumoniae subsp. pneumoniae HS11286 chromosome, complete genome
kang_reads/ERR9709563_1.fastq.gz	kleb.fna	99.25	99.25	NA-NA	388.718	HIGH	NA-NA	405	388.718	17609/22210	NC_016845.1 Klebsiella pneumoniae subsp. pneumoniae HS11286 chromosome, complete genome
kang_reads/ERR8609991_1.fastq.gz	kleb.fna	99.25	99.25	NA-NA	13.019	HIGH	NA-NA	12	13.019	17597/22210	NC_016845.1 Klebsiella pneumoniae subsp. pneumoniae HS11286 chromosome, complete genome
kang_reads/ERR8609929_1.fastq.gz	kleb.fna	99.25	98.40	99.20-99.30	1.401	1.401	1.36-1.44	2	2.805	13492/22210	NC_016845.1 Klebsiella pneumoniae subsp. pneumoniae HS11286 chromosome, complete genome
kang_reads/ERR8610031_1.fastq.gz	kleb.fna	99.25	99.25	NA-NA	3.654	HIGH	NA-NA	3	3.654	17581/22210	NC_016845.1 Klebsiella pneumoniae subsp. pneumoniae HS11286 chromosome, complete genome
kang_reads/ERR10017870_1.fastq.gz	kleb.fna	99.25	95.02	99.01-99.56	0.263	0.263	0.24-0.28	1	132.385	4554/22210	NC_016845.1 Klebsiella pneumoniae subsp. pneumoniae HS11286 chromosome, complete genome
kang_reads/ERR8609951_1.fastq.gz	kleb.fna	99.24	98.40	99.19-99.30	1.405	1.405	1.37-1.44	2	2.733	13473/22210	NC_016845.1 Klebsiella pneumoniae subsp. pneumoniae HS11286 chromosome, complete genome
kang_reads/ERR10020154_1.fastq.gz	kleb.fna	99.24	99.24	NA-NA	438.914	HIGH	NA-NA	463	438.914	17528/22210	NC_016845.1 Klebsiella pneumoniae subsp. pneumoniae HS11286 chromosome, complete genome
kang_reads/ERR9709614_1.fastq.gz	kleb.fna	99.24	99.24	NA-NA	410.510	HIGH	NA-NA	427	410.510	17520/22210	NC_016845.1 Klebsiella pneumoniae subsp. pneumoniae HS11286 chromosome, complete genome
kang_reads/ERR9709943_1.fastq.gz	kleb.fna	99.24	99.24	NA-NA	268.941	HIGH	NA-NA	274	268.941	17518/22210	NC_016845.1 Klebsiella pneumoniae subsp. pneumoniae HS11286 chromosome, complete genome
kang_reads/ERR8609772_1.fastq.gz	kleb.fna	99.24	99.24	NA-NA	7.303	HIGH	NA-NA	5	7.303	17517/22210	NC_016845.1 Klebsiella pneumoniae subsp. pneumoniae HS11286 chromosome, complete genome
kang_reads/ERR10020195_1.fastq.gz	kleb.fna	99.24	99.24	NA-NA	407.235	HIGH	NA-NA	429	407.235	17509/22210	NC_016845.1 Klebsiella pneumoniae subsp. pneumoniae HS11286 chromosome, complete genome
kang_reads/ERR8609829_1.fastq.gz	kleb.fna	99.24	97.35	99.13-99.32	0.759	0.759	0.73-0.79	1	2.820	9658/22210	NC_016845.1 Klebsiella pneumoniae subsp. pneumoniae HS11286 chromosome, complete genome
kang_reads/ERR8609935_1.fastq.gz	kleb.fna	99.23	99.23	NA-NA	13.703	HIGH	NA-NA	12	13.703	17486/22210	NC_016845.1 Klebsiella pneumoniae subsp. pneumoniae HS11286 chromosome, complete genome
kang_reads/ERR8609790_1.fastq.gz	kleb.fna	99.23	99.23	NA-NA	6.887	HIGH	NA-NA	6	6.887	17484/22210	NC_016845.1 Klebsiella pneumoniae subsp. pneumoniae HS11286 chromosome, complete genome
kang_reads/ERR8609918_1.fastq.gz	kleb.fna	99.23	99.23	NA-NA	8.352	HIGH	NA-NA	6	8.352	17482/22210	NC_016845.1 Klebsiella pneumoniae subsp. pneumoniae HS11286 chromosome, complete genome
kang_reads/ERR10017976_1.fastq.gz	kleb.fna	99.23	95.01	99.01-99.53	0.264	0.264	0.24-0.28	1	45.411	4548/22210	NC_016845.1 Klebsiella pneumoniae subsp. pneumoniae HS11286 chromosome, complete genome
kang_reads/ERR9709456_1.fastq.gz	kleb.fna	99.23	99.23	NA-NA	384.995	HIGH	NA-NA	405	384.995	17465/22210	NC_016845.1 Klebsiella pneumoniae subsp. pneumoniae HS11286 chromosome, complete genome
kang_reads/ERR9709631_1.fastq.gz	kleb.fna	99.23	99.23	NA-NA	384.467	HIGH	NA-NA	405	384.467	17461/22210	NC_016845.1 Klebsiella pneumoniae subsp. pneumoniae HS11286 chromosome, complete genome
kang_reads/ERR8610058_1.fastq.gz	kleb.fna	99.22	99.22	NA-NA	9.861	HIGH	NA-NA	8	9.861	17446/22210	NC_016845.1 Klebsiella pneumoniae subsp. pneumoniae HS11286 chromosome, complete genome
kang_reads/ERR8610004_1.fastq.gz	kleb.fna	99.22	99.22	NA-NA	21.088	HIGH	NA-NA	19	21.088	17440/22210	NC_016845.1 Klebsiella pneumoniae subsp. pneumoniae HS11286 chromosome, complete genome
kang_reads/ERR8609787_1.fastq.gz	kleb.fna	99.22	99.22	NA-NA	6.611	HIGH	NA-NA	4	6.611	17438/22210	NC_016845.1 Klebsiella pneumoniae subsp. pneumoniae HS11286 chromosome, complete genome
kang_reads/ERR9712208_1.fastq.gz	kleb.fna	99.22	93.63	98.82-99.62	0.159	0.159	0.14-0.18	1	60.598	2885/22210	NC_016845.1 Klebsiella pneumoniae subsp. pneumoniae HS11286 chromosome, complete genome
kang_reads/ERR8610123_1.fastq.gz	kleb.fna	99.22	97.30	99.14-99.29	0.771	0.771	0.74-0.79	1	1.514	9510/22210	NC_016845.1 Klebsiella pneumoniae subsp. pneumoniae HS11286 chromosome, complete genome
kang_reads/ERR8609778_1.fastq.gz	kleb.fna	99.22	99.22	NA-NA	4.066	HIGH	NA-NA	3	4.066	17420/22210	NC_016845.1 Klebsiella pneumoniae subsp. pneumoniae HS11286 chromosome, complete genome
kang_reads/ERR8610013_1.fastq.gz	kleb.fna	99.22	96.35	99.10-99.39	0.503	0.503	0.47-0.53	1	1.360	7014/22210	NC_016845.1 Klebsiella pneumoniae subsp. pneumoniae HS11286 chromosome, complete genome
kang_reads/ERR8609812_1.fastq.gz	kleb.fna	99.22	99.22	NA-NA	36.377	HIGH	NA-NA	33	36.377	17415/22210	NC_016845.1 Klebsiella pneumoniae subsp. pneumoniae HS11286 chromosome, complete genome
kang_reads/ERR8609892_1.fastq.gz	kleb.fna	99.22	99.22	NA-NA	5.519	HIGH	NA-NA	5	5.519	17409/22210	NC_016845.1 Klebsiella pneumoniae subsp. pneumoniae HS11286 chromosome, complete genome
kang_reads/ERR8609956_1.fastq.gz	kleb.fna	99.21	97.51	99.13-99.28	0.859	0.859	0.83-0.89	1	1.601	10173/22210	NC_016845.1 Klebsiella pneumoniae subsp. pneumoniae HS11286 chromosome, complete genome
kang_reads/ERR9709584_1.fastq.gz	kleb.fna	99.21	97.10	99.11-99.32	0.680	0.680	0.64-0.71	1	21.642	8908/22210	NC_016845.1 Klebsiella pneumoniae subsp. pneumoniae HS11286 chromosome, complete genome
kang_reads/ERR10017988_1.fastq.gz	kleb.fna	99.21	99.21	NA-NA	318.081	HIGH	NA-NA	325	318.081	17370/22210	NC_016845.1 Klebsiella pneumoniae subsp. pneumoniae HS11286 chromosome, complete genome
kang_reads/ERR9709646_1.fastq.gz	kleb.fna	99.21	99.21	NA-NA	293.683	HIGH	NA-NA	296	293.683	17355/22210	NC_016845.1 Klebsiella pneumoniae subsp. pneumoniae HS11286 chromosome, complete genome
kang_reads/ERR8609960_1.fastq.gz	kleb.fna	99.20	99.20	NA-NA	4.770	HIGH	NA-NA	4	4.770	17336/22210	NC_016845.1 Klebsiella pneumoniae subsp. pneumoniae HS11286 chromosome, complete genome
kang_reads/ERR9710905_1.fastq.gz	kleb.fna	99.20	93.71	98.85-99.58	0.171	0.171	0.15-0.19	1	25.202	2966/22210	NC_016845.1 Klebsiella pneumoniae subsp. pneumoniae HS11286 chromosome, complete genome
kang_reads/ERR9709590_1.fastq.gz	kleb.fna	99.20	99.20	NA-NA	304.260	HIGH	NA-NA	306	304.260	17318/22210	NC_016845.1 Klebsiella pneumoniae subsp. pneumoniae HS11286 chromosome, complete genome
kang_reads/ERR10020130_1.fastq.gz	kleb.fna	99.20	99.20	NA-NA	282.319	HIGH	NA-NA	285	282.319	17314/22210	NC_016845.1 Klebsiella pneumoniae subsp. pneumoniae HS11286 chromosome, complete genome
kang_reads/ERR8609999_1.fastq.gz	kleb.fna	99.20	99.20	NA-NA	35.740	HIGH	NA-NA	35	35.740	17313/22210	NC_016845.1 Klebsiella pneumoniae subsp. pneumoniae HS11286 chromosome, complete genome
kang_reads/ERR8609804_1.fastq.gz	kleb.fna	99.20	99.20	NA-NA	22.998	HIGH	NA-NA	22	22.998	17301/22210	NC_016845.1 Klebsiella pneumoniae subsp. pneumoniae HS11286 chromosome, complete genome
kang_reads/ERR8609831_1.fastq.gz	kleb.fna	99.20	99.20	NA-NA	7.802	HIGH	NA-NA	7	7.802	17295/22210	NC_016845.1 Klebsiella pneumoniae subsp. pneumoniae HS11286 chromosome, complete genome
kang_reads/ERR9709534_1.fastq.gz	kleb.fna	99.20	97.04	99.09-99.33	0.654	0.654	0.62-0.68	1	33.209	8745/22210	NC_016845.1 Klebsiella pneumoniae subsp. pneumoniae HS11286 chromosome, complete genome
kang_reads/ERR10019302_1.fastq.gz	kleb.fna	99.19	94.37	98.88-99.48	0.219	0.219	0.20-0.24	1	30.879	3682/22210	NC_016845.1 Klebsiella pneumoniae subsp. pneumoniae HS11286 chromosome, complete genome
kang_reads/ERR9709630_1.fastq.gz	kleb.fna	99.19	99.19	NA-NA	294.288	HIGH	NA-NA	301	294.288	17284/22210	NC_016845.1 Klebsiella pneumoniae subsp. pneumoniae HS11286 chromosome, complete genome
kang_reads/ERR10017865_1.fastq.gz	kleb.fna	99.19	99.19	NA-NA	303.462	HIGH	NA-NA	310	303.462	17256/22210	NC_016845.1 Klebsiella pneumoniae subsp. pneumoniae HS11286 chromosome, complete genome
kang_reads/ERR8609869_1.fastq.gz	kleb.fna	99.19	97.12	99.10-99.29	0.717	0.717	0.69-0.74	1	1.592	8987/22210	NC_016845.1 Klebsiella pneumoniae subsp. pneumoniae HS11286 chromosome, complete genome
kang_reads/ERR9712175_1.fastq.gz	kleb.fna	99.19	99.19	NA-NA	237.168	HIGH	NA-NA	245	237.168	17239/22210	NC_016845.1 Klebsiella pneumoniae subsp. pneumoniae HS11286 chromosome, complete genome
kang_reads/ERR10017765_1.fastq.gz	kleb.fna	99.18	99.18	NA-NA	292.225	HIGH	NA-NA	298	292.225	17231/22210	NC_016845.1 Klebsiella pneumoniae subsp. pneumoniae HS11286 chromosome, complete genome
kang_reads/ERR8609826_1.fastq.gz	kleb.fna	99.18	99.18	NA-NA	205.817	HIGH	NA-NA	208	205.817	17227/22210	NC_016845.1 Klebsiella pneumoniae subsp. pneumoniae HS11286 chromosome, complete genome
kang_reads/ERR9709567_1.fastq.gz	kleb.fna	99.18	99.18	NA-NA	226.191	HIGH	NA-NA	226	226.191	17219/22210	NC_016845.1 Klebsiella pneumoniae subsp. pneumoniae HS11286 chromosome, complete genome
kang_reads/ERR10019701_1.fastq.gz	kleb.fna	99.18	99.18	NA-NA	301.316	HIGH	NA-NA	311	301.316	17210/22210	NC_016845.1 Klebsiella pneumoniae subsp. pneumoniae HS11286 chromosome, complete genome
kang_reads/ERR9709619_1.fastq.gz	kleb.fna	99.18	99.18	NA-NA	295.914	HIGH	NA-NA	300	295.914	17204/22210	NC_016845.1 Klebsiella pneumoniae subsp. pneumoniae HS11286 chromosome, complete genome
kang_reads/ERR9709621_1.fastq.gz	kleb.fna	99.18	93.66	98.78-99.54	0.169	0.169	0.15-0.19	1	21.863	2919/22210	NC_016845.1 Klebsiella pneumoniae subsp. pneumoniae HS11286 chromosome, complete genome
kang_reads/ERR9712245_1.fastq.gz	kleb.fna	99.18	99.18	NA-NA	288.680	HIGH	NA-NA	296	288.680	17200/22210	NC_016845.1 Klebsiella pneumoniae subsp. pneumoniae HS11286 chromosome, complete genome
kang_reads/ERR9706874_1.fastq.gz	kleb.fna	99.18	94.54	98.90-99.41	0.235	0.235	0.22-0.26	1	30.868	3897/22210	NC_016845.1 Klebsiella pneumoniae subsp. pneumoniae HS11286 chromosome, complete genome
kang_reads/ERR9709593_1.fastq.gz	kleb.fna	99.18	99.18	NA-NA	268.525	HIGH	NA-NA	272	268.525	17184/22210	NC_016845.1 Klebsiella pneumoniae subsp. pneumoniae HS11286 chromosome, complete genome
kang_reads/ERR9709506_1.fastq.gz	kleb.fna	99.17	99.17	NA-NA	322.865	HIGH	NA-NA	332	322.865	17171/22210	NC_016845.1 Klebsiella pneumoniae subsp. pneumoniae HS11286 chromosome, complete genome
kang_reads/ERR8610009_1.fastq.gz	kleb.fna	99.17	97.34	99.08-99.28	0.787	0.787	0.75-0.81	1	2.353	9620/22210	NC_016845.1 Klebsiella pneumoniae subsp. pneumoniae HS11286 chromosome, complete genome
kang_reads/ERR8609917_1.fastq.gz	kleb.fna	99.17	96.06	99.03-99.32	0.452	0.452	0.42-0.48	1	1.593	6392/22210	NC_016845.1 Klebsiella pneumoniae subsp. pneumoniae HS11286 chromosome, complete genome
kang_reads/ERR8610052_1.fastq.gz	kleb.fna	99.17	99.17	NA-NA	396.209	HIGH	NA-NA	375	396.209	17162/22210	NC_016845.1 Klebsiella pneumoniae subsp. pneumoniae HS11286 chromosome, complete genome
kang_reads/ERR8609816_1.fastq.gz	kleb.fna	99.17	99.17	NA-NA	71.324	HIGH	NA-NA	71	71.324	17161/22210	NC_016845.1 Klebsiella pneumoniae subsp. pneumoniae HS11286 chromosome, complete genome
kang_reads/ERR8609947_1.fastq.gz	kleb.fna	99.17	99.17	NA-NA	3.338	HIGH	NA-NA	3	3.338	17161/22210	NC_016845.1 Klebsiella pneumoniae subsp. pneumoniae HS11286 chromosome, complete genome
kang_reads/ERR8609953_1.fastq.gz	kleb.fna	99.17	99.17	NA-NA	8.542	HIGH	NA-NA	6	8.542	17161/22210	NC_016845.1 Klebsiella pneumoniae subsp. pneumoniae HS11286 chromosome, complete genome
kang_reads/ERR9709594_1.fastq.gz	kleb.fna	99.17	99.17	NA-NA	252.548	HIGH	NA-NA	253	252.548	17158/22210	NC_016845.1 Klebsiella pneumoniae subsp. pneumoniae HS11286 chromosome, complete genome
kang_reads/ERR8609840_1.fastq.gz	kleb.fna	99.17	99.17	NA-NA	5.547	HIGH	NA-NA	3	5.547	17154/22210	NC_016845.1 Klebsiella pneumoniae subsp. pneumoniae HS11286 chromosome, complete genome
kang_reads/ERR9709625_1.fastq.gz	kleb.fna	99.17	99.17	NA-NA	265.581	HIGH	NA-NA	272	265.581	17152/22210	NC_016845.1 Klebsiella pneumoniae subsp. pneumoniae HS11286 chromosome, complete genome
kang_reads/ERR10020303_1.fastq.gz	kleb.fna	99.17	99.17	NA-NA	237.883	HIGH	NA-NA	234	237.883	17146/22210	NC_016845.1 Klebsiella pneumoniae subsp. pneumoniae HS11286 chromosome, complete genome
kang_reads/ERR10017982_1.fastq.gz	kleb.fna	99.17	99.17	NA-NA	275.626	HIGH	NA-NA	281	275.626	17143/22210	NC_016845.1 Klebsiella pneumoniae subsp. pneumoniae HS11286 chromosome, complete genome
kang_reads/ERR9709786_1.fastq.gz	kleb.fna	99.17	99.17	NA-NA	294.753	HIGH	NA-NA	301	294.753	17138/22210	NC_016845.1 Klebsiella pneumoniae subsp. pneumoniae HS11286 chromosome, complete genome
kang_reads/ERR9709649_1.fastq.gz	kleb.fna	99.17	99.17	NA-NA	279.615	HIGH	NA-NA	284	279.615	17129/22210	NC_016845.1 Klebsiella pneumoniae subsp. pneumoniae HS11286 chromosome, complete genome
kang_reads/ERR9709946_1.fastq.gz	kleb.fna	99.17	99.17	NA-NA	289.458	HIGH	NA-NA	295	289.458	17129/22210	NC_016845.1 Klebsiella pneumoniae subsp. pneumoniae HS11286 chromosome, complete genome
kang_reads/ERR9709574_1.fastq.gz	kleb.fna	99.16	99.16	NA-NA	243.763	HIGH	NA-NA	249	243.763	17115/22210	NC_016845.1 Klebsiella pneumoniae subsp. pneumoniae HS11286 chromosome, complete genome
kang_reads/ERR8609916_1.fastq.gz	kleb.fna	99.16	97.83	99.08-99.23	1.048	1.048	1.01-1.08	1	1.750	11252/22210	NC_016845.1 Klebsiella pneumoniae subsp. pneumoniae HS11286 chromosome, complete genome
kang_reads/ERR8609789_1.fastq.gz	kleb.fna	99.16	98.44	99.11-99.22	1.558	1.558	1.50-1.61	2	2.236	13631/22210	NC_016845.1 Klebsiella pneumoniae subsp. pneumoniae HS11286 chromosome, complete genome
kang_reads/ERR10019721_1.fastq.gz	kleb.fna	99.16	99.16	NA-NA	285.574	HIGH	NA-NA	295	285.574	17099/22210	NC_016845.1 Klebsiella pneumoniae subsp. pneumoniae HS11286 chromosome, complete genome
kang_reads/ERR9712241_1.fastq.gz	kleb.fna	99.16	93.58	98.77-99.49	0.165	0.165	0.15-0.19	1	23.288	2844/22210	NC_016845.1 Klebsiella pneumoniae subsp. pneumoniae HS11286 chromosome, complete genome
kang_reads/ERR10019305_1.fastq.gz	kleb.fna	99.16	94.80	98.91-99.44	0.250	0.250	0.23-0.27	1	43.541	4246/22210	NC_016845.1 Klebsiella pneumoniae subsp. pneumoniae HS11286 chromosome, complete genome
kang_reads/ERR10020458_1.fastq.gz	kleb.fna	99.16	99.16	NA-NA	225.744	HIGH	NA-NA	223	225.744	17080/22210	NC_016845.1 Klebsiella pneumoniae subsp. pneumoniae HS11286 chromosome, complete genome
kang_reads/ERR8610053_1.fastq.gz	kleb.fna	99.16	99.16	NA-NA	10.309	HIGH	NA-NA	10	10.309	17077/22210	NC_016845.1 Klebsiella pneumoniae subsp. pneumoniae HS11286 chromosome, complete genome
kang_reads/ERR8609885_1.fastq.gz	kleb.fna	99.15	99.15	NA-NA	70.125	HIGH	NA-NA	71	70.125	17072/22210	NC_016845.1 Klebsiella pneumoniae subsp. pneumoniae HS11286 chromosome, complete genome
kang_reads/ERR8610077_1.fastq.gz	kleb.fna	99.15	99.15	NA-NA	6.691	HIGH	NA-NA	6	6.691	17057/22210	NC_016845.1 Klebsiella pneumoniae subsp. pneumoniae HS11286 chromosome, complete genome
kang_reads/ERR8609965_1.fastq.gz	kleb.fna	99.15	98.37	99.09-99.20	1.487	1.487	1.44-1.53	2	2.305	13324/22210	NC_016845.1 Klebsiella pneumoniae subsp. pneumoniae HS11286 chromosome, complete genome
kang_reads/ERR8610090_1.fastq.gz	kleb.fna	99.15	97.68	99.07-99.23	0.943	0.943	0.91-0.98	1	4.413	10723/22210	NC_016845.1 Klebsiella pneumoniae subsp. pneumoniae HS11286 chromosome, complete genome
kang_reads/ERR9709603_1.fastq.gz	kleb.fna	99.15	99.15	NA-NA	270.510	HIGH	NA-NA	275	270.510	17020/22210	NC_016845.1 Klebsiella pneumoniae subsp. pneumoniae HS11286 chromosome, complete genome
kang_reads/ERR8609977_1.fastq.gz	kleb.fna	99.14	99.14	NA-NA	5.394	HIGH	NA-NA	5	5.394	17019/22210	NC_016845.1 Klebsiella pneumoniae subsp. pneumoniae HS11286 chromosome, complete genome
kang_reads/ERR8609809_1.fastq.gz	kleb.fna	99.14	99.14	NA-NA	125.865	HIGH	NA-NA	112	125.865	17012/22210	NC_016845.1 Klebsiella pneumoniae subsp. pneumoniae HS11286 chromosome, complete genome
kang_reads/ERR8610083_1.fastq.gz	kleb.fna	99.14	98.44	99.09-99.19	1.579	1.579	1.53-1.63	2	2.499	13652/22210	NC_016845.1 Klebsiella pneumoniae subsp. pneumoniae HS11286 chromosome, complete genome
kang_reads/ERR8609919_1.fastq.gz	kleb.fna	99.14	99.14	NA-NA	285.196	HIGH	NA-NA	285	285.196	16989/22210	NC_016845.1 Klebsiella pneumoniae subsp. pneumoniae HS11286 chromosome, complete genome
kang_reads/ERR9709359_1.fastq.gz	kleb.fna	99.13	99.13	NA-NA	242.878	HIGH	NA-NA	248	242.878	16961/22210	NC_016845.1 Klebsiella pneumoniae subsp. pneumoniae HS11286 chromosome, complete genome
kang_reads/ERR10018003_1.fastq.gz	kleb.fna	99.13	99.13	NA-NA	267.825	HIGH	NA-NA	274	267.825	16957/22210	NC_016845.1 Klebsiella pneumoniae subsp. pneumoniae HS11286 chromosome, complete genome
kang_reads/ERR9709551_1.fastq.gz	kleb.fna	99.13	99.13	NA-NA	245.076	HIGH	NA-NA	249	245.076	16946/22210	NC_016845.1 Klebsiella pneumoniae subsp. pneumoniae HS11286 chromosome, complete genome
kang_reads/ERR8610055_1.fastq.gz	kleb.fna	99.13	97.39	99.04-99.23	0.826	0.826	0.79-0.86	1	2.083	9789/22210	NC_016845.1 Klebsiella pneumoniae subsp. pneumoniae HS11286 chromosome, complete genome
kang_reads/ERR8609889_1.fastq.gz	kleb.fna	99.13	99.13	NA-NA	13.301	HIGH	NA-NA	12	13.301	16933/22210	NC_016845.1 Klebsiella pneumoniae subsp. pneumoniae HS11286 chromosome, complete genome
kang_reads/ERR9709578_1.fastq.gz	kleb.fna	99.13	99.13	NA-NA	297.111	HIGH	NA-NA	305	297.111	16933/22210	NC_016845.1 Klebsiella pneumoniae subsp. pneumoniae HS11286 chromosome, complete genome
kang_reads/ERR8610100_1.fastq.gz	kleb.fna	99.13	99.13	NA-NA	124.703	HIGH	NA-NA	122	124.703	16917/22210	NC_016845.1 Klebsiella pneumoniae subsp. pneumoniae HS11286 chromosome, complete genome
kang_reads/ERR9709652_1.fastq.gz	kleb.fna	99.12	99.12	NA-NA	230.576	HIGH	NA-NA	235	230.576	16913/22210	NC_016845.1 Klebsiella pneumoniae subsp. pneumoniae HS11286 chromosome, complete genome
kang_reads/ERR10020482_1.fastq.gz	kleb.fna	99.12	99.12	NA-NA	279.860	HIGH	NA-NA	282	279.860	16909/22210	NC_016845.1 Klebsiella pneumoniae subsp. pneumoniae HS11286 chromosome, complete genome
kang_reads/ERR10020235_1.fastq.gz	kleb.fna	99.12	99.12	NA-NA	214.284	HIGH	NA-NA	215	214.284	16900/22210	NC_016845.1 Klebsiella pneumoniae subsp. pneumoniae HS11286 chromosome, complete genome
kang_reads/ERR10020433_1.fastq.gz	kleb.fna	99.12	99.12	NA-NA	245.465	HIGH	NA-NA	246	245.465	16894/22210	NC_016845.1 Klebsiella pneumoniae subsp. pneumoniae HS11286 chromosome, complete genome
kang_reads/ERR8609853_1.fastq.gz	kleb.fna	99.12	98.40	99.08-99.17	1.521	1.521	1.47-1.57	2	2.899	13453/22210	NC_016845.1 Klebsiella pneumoniae subsp. pneumoniae HS11286 chromosome, complete genome
kang_reads/ERR10017996_1.fastq.gz	kleb.fna	99.12	99.12	NA-NA	285.902	HIGH	NA-NA	286	285.902	16878/22210	NC_016845.1 Klebsiella pneumoniae subsp. pneumoniae HS11286 chromosome, complete genome
kang_reads/ERR8610054_1.fastq.gz	kleb.fna	99.12	97.52	99.04-99.20	0.881	0.881	0.85-0.91	1	3.943	10193/22210	NC_016845.1 Klebsiella pneumoniae subsp. pneumoniae HS11286 chromosome, complete genome
kang_reads/ERR8610040_1.fastq.gz	kleb.fna	99.12	99.12	NA-NA	4.927	HIGH	NA-NA	4	4.927	16872/22210	NC_016845.1 Klebsiella pneumoniae subsp. pneumoniae HS11286 chromosome, complete genome
kang_reads/ERR9709596_1.fastq.gz	kleb.fna	99.12	99.12	NA-NA	328.558	HIGH	NA-NA	327	328.558	16870/22210	NC_016845.1 Klebsiella pneumoniae subsp. pneumoniae HS11286 chromosome, complete genome
kang_reads/ERR8609820_1.fastq.gz	kleb.fna	99.12	97.19	99.02-99.20	0.753	0.753	0.72-0.78	1	2.007	9178/22210	NC_016845.1 Klebsiella pneumoniae subsp. pneumoniae HS11286 chromosome, complete genome
kang_reads/ERR8609912_1.fastq.gz	kleb.fna	99.11	99.11	NA-NA	4.404	HIGH	NA-NA	4	4.404	16849/22210	NC_016845.1 Klebsiella pneumoniae subsp. pneumoniae HS11286 chromosome, complete genome
kang_reads/ERR9709502_1.fastq.gz	kleb.fna	99.11	96.98	99.01-99.23	0.667	0.667	0.63-0.69	1	13.019	8582/22210	NC_016845.1 Klebsiella pneumoniae subsp. pneumoniae HS11286 chromosome, complete genome
kang_reads/ERR8609924_1.fastq.gz	kleb.fna	99.11	97.40	99.03-99.18	0.853	0.853	0.82-0.88	1	1.598	9802/22210	NC_016845.1 Klebsiella pneumoniae subsp. pneumoniae HS11286 chromosome, complete genome
kang_reads/ERR8609860_1.fastq.gz	kleb.fna	99.11	99.11	NA-NA	8.636	HIGH	NA-NA	8	8.636	16824/22210	NC_016845.1 Klebsiella pneumoniae subsp. pneumoniae HS11286 chromosome, complete genome
kang_reads/ERR9706877_1.fastq.gz	kleb.fna	99.11	94.04	98.81-99.41	0.202	0.202	0.18-0.22	1	21.338	3307/22210	NC_016845.1 Klebsiella pneumoniae subsp. pneumoniae HS11286 chromosome, complete genome
kang_reads/ERR9709576_1.fastq.gz	kleb.fna	99.10	94.33	98.81-99.37	0.219	0.219	0.20-0.24	1	19.762	3632/22210	NC_016845.1 Klebsiella pneumoniae subsp. pneumoniae HS11286 chromosome, complete genome
kang_reads/ERR9706873_1.fastq.gz	kleb.fna	99.10	93.48	98.64-99.42	0.149	0.149	0.13-0.17	1	50.066	2746/22210	NC_016845.1 Klebsiella pneumoniae subsp. pneumoniae HS11286 chromosome, complete genome
kang_reads/ERR8609861_1.fastq.gz	kleb.fna	99.10	97.71	99.03-99.18	1.007	1.007	0.96-1.04	1	1.882	10820/22210	NC_016845.1 Klebsiella pneumoniae subsp. pneumoniae HS11286 chromosome, complete genome
kang_reads/ERR8609846_1.fastq.gz	kleb.fna	99.10	96.43	99.00-99.24	0.534	0.534	0.50-0.56	1	1.977	7196/22210	NC_016845.1 Klebsiella pneumoniae subsp. pneumoniae HS11286 chromosome, complete genome
kang_reads/ERR8609878_1.fastq.gz	kleb.fna	99.10	99.10	NA-NA	185.809	HIGH	NA-NA	184	185.809	16763/22210	NC_016845.1 Klebsiella pneumoniae subsp. pneumoniae HS11286 chromosome, complete genome
kang_reads/ERR9709618_1.fastq.gz	kleb.fna	99.10	99.10	NA-NA	247.356	HIGH	NA-NA	245	247.356	16761/22210	NC_016845.1 Klebsiella pneumoniae subsp. pneumoniae HS11286 chromosome, complete genome
kang_reads/ERR9709639_1.fastq.gz	kleb.fna	99.09	99.09	NA-NA	252.298	HIGH	NA-NA	249	252.298	16752/22210	NC_016845.1 Klebsiella pneumoniae subsp. pneumoniae HS11286 chromosome, complete genome
kang_reads/ERR8609961_1.fastq.gz	kleb.fna	99.09	97.82	99.01-99.16	1.068	1.068	1.03-1.11	1	1.969	11209/22210	NC_016845.1 Klebsiella pneumoniae subsp. pneumoniae HS11286 chromosome, complete genome
kang_reads/ERR8609811_1.fastq.gz	kleb.fna	99.09	97.62	99.03-99.17	0.937	0.937	0.91-0.97	1	8.542	10530/22210	NC_016845.1 Klebsiella pneumoniae subsp. pneumoniae HS11286 chromosome, complete genome
kang_reads/ERR8609994_1.fastq.gz	kleb.fna	99.09	99.09	NA-NA	13.827	HIGH	NA-NA	12	13.827	16741/22210	NC_016845.1 Klebsiella pneumoniae subsp. pneumoniae HS11286 chromosome, complete genome
kang_reads/ERR9709627_1.fastq.gz	kleb.fna	99.09	99.09	NA-NA	275.793	HIGH	NA-NA	272	275.793	16735/22210	NC_016845.1 Klebsiella pneumoniae subsp. pneumoniae HS11286 chromosome, complete genome
kang_reads/ERR8610006_1.fastq.gz	kleb.fna	99.09	98.53	99.04-99.14	1.749	1.749	1.69-1.81	2	3.811	14053/22210	NC_016845.1 Klebsiella pneumoniae subsp. pneumoniae HS11286 chromosome, complete genome
kang_reads/ERR8609886_1.fastq.gz	kleb.fna	99.09	99.09	NA-NA	69.561	HIGH	NA-NA	69	69.561	16719/22210	NC_016845.1 Klebsiella pneumoniae subsp. pneumoniae HS11286 chromosome, complete genome
kang_reads/ERR10017667_1.fastq.gz	kleb.fna	99.09	94.84	98.92-99.38	0.277	0.277	0.25-0.29	1	16.915	4292/22210	NC_016845.1 Klebsiella pneumoniae subsp. pneumoniae HS11286 chromosome, complete genome
kang_reads/ERR8610050_1.fastq.gz	kleb.fna	99.09	99.09	NA-NA	3.236	HIGH	NA-NA	3	3.236	16716/22210	NC_016845.1 Klebsiella pneumoniae subsp. pneumoniae HS11286 chromosome, complete genome
kang_reads/ERR8609877_1.fastq.gz	kleb.fna	99.09	97.36	99.00-99.16	0.849	0.849	0.82-0.88	1	1.569	9703/22210	NC_016845.1 Klebsiella pneumoniae subsp. pneumoniae HS11286 chromosome, complete genome
kang_reads/ERR8609844_1.fastq.gz	kleb.fna	99.09	99.09	NA-NA	40.181	HIGH	NA-NA	40	40.181	16704/22210	NC_016845.1 Klebsiella pneumoniae subsp. pneumoniae HS11286 chromosome, complete genome
kang_reads/ERR8609923_1.fastq.gz	kleb.fna	99.08	97.35	99.00-99.16	0.822	0.822	0.79-0.85	1	2.757	9675/22210	NC_016845.1 Klebsiella pneumoniae subsp. pneumoniae HS11286 chromosome, complete genome
kang_reads/ERR8610124_1.fastq.gz	kleb.fna	99.08	97.00	98.99-99.18	0.711	0.711	0.68-0.74	1	1.531	8630/22210	NC_016845.1 Klebsiella pneumoniae subsp. pneumoniae HS11286 chromosome, complete genome
kang_reads/ERR8609788_1.fastq.gz	kleb.fna	99.08	96.74	98.96-99.22	0.622	0.622	0.58-0.65	1	1.833	7956/22210	NC_016845.1 Klebsiella pneumoniae subsp. pneumoniae HS11286 chromosome, complete genome
kang_reads/ERR8610086_1.fastq.gz	kleb.fna	99.08	96.70	98.98-99.22	0.595	0.595	0.56-0.62	1	4.305	7856/22210	NC_016845.1 Klebsiella pneumoniae subsp. pneumoniae HS11286 chromosome, complete genome
kang_reads/ERR9709628_1.fastq.gz	kleb.fna	99.08	93.90	98.74-99.39	0.184	0.184	0.17-0.20	1	45.964	3154/22210	NC_016845.1 Klebsiella pneumoniae subsp. pneumoniae HS11286 chromosome, complete genome
kang_reads/ERR8610099_1.fastq.gz	kleb.fna	99.07	97.48	98.98-99.15	0.907	0.907	0.87-0.94	1	1.862	10068/22210	NC_016845.1 Klebsiella pneumoniae subsp. pneumoniae HS11286 chromosome, complete genome
kang_reads/ERR10017665_1.fastq.gz	kleb.fna	99.07	96.78	98.95-99.21	0.601	0.601	0.57-0.63	1	55.502	8055/22210	NC_016845.1 Klebsiella pneumoniae subsp. pneumoniae HS11286 chromosome, complete genome
kang_reads/ERR8610022_1.fastq.gz	kleb.fna	99.07	99.07	NA-NA	26.352	HIGH	NA-NA	22	26.352	16636/22210	NC_016845.1 Klebsiella pneumoniae subsp. pneumoniae HS11286 chromosome, complete genome
kang_reads/ERR8609879_1.fastq.gz	kleb.fna	99.07	99.07	NA-NA	164.507	HIGH	NA-NA	152	164.507	16608/22210	NC_016845.1 Klebsiella pneumoniae subsp. pneumoniae HS11286 chromosome, complete genome
kang_reads/ERR8610045_1.fastq.gz	kleb.fna	99.06	99.06	NA-NA	27.080	HIGH	NA-NA	23	27.080	16590/22210	NC_016845.1 Klebsiella pneumoniae subsp. pneumoniae HS11286 chromosome, complete genome
kang_reads/ERR8610044_1.fastq.gz	kleb.fna	99.06	96.49	98.95-99.25	0.545	0.545	0.50-0.57	1	3.360	7336/22210	NC_016845.1 Klebsiella pneumoniae subsp. pneumoniae HS11286 chromosome, complete genome
kang_reads/ERR8609803_1.fastq.gz	kleb.fna	99.06	98.60	99.02-99.10	1.965	1.965	1.90-2.03	2	2.437	14364/22210	NC_016845.1 Klebsiella pneumoniae subsp. pneumoniae HS11286 chromosome, complete genome
kang_reads/ERR8610087_1.fastq.gz	kleb.fna	99.06	99.06	NA-NA	6.811	HIGH	NA-NA	6	6.811	16574/22210	NC_016845.1 Klebsiella pneumoniae subsp. pneumoniae HS11286 chromosome, complete genome
kang_reads/ERR8610001_1.fastq.gz	kleb.fna	99.06	98.08	99.00-99.11	1.284	1.284	1.25-1.32	2	2.377	12185/22210	NC_016845.1 Klebsiella pneumoniae subsp. pneumoniae HS11286 chromosome, complete genome
kang_reads/ERR8609897_1.fastq.gz	kleb.fna	99.06	97.39	98.96-99.15	0.860	0.860	0.83-0.89	1	1.996	9799/22210	NC_016845.1 Klebsiella pneumoniae subsp. pneumoniae HS11286 chromosome, complete genome
kang_reads/ERR8610029_1.fastq.gz	kleb.fna	99.06	99.06	NA-NA	8.204	HIGH	NA-NA	5	8.204	16557/22210	NC_016845.1 Klebsiella pneumoniae subsp. pneumoniae HS11286 chromosome, complete genome
kang_reads/ERR9709640_1.fastq.gz	kleb.fna	99.05	93.43	98.60-99.37	0.154	0.154	0.14-0.17	1	35.556	2704/22210	NC_016845.1 Klebsiella pneumoniae subsp. pneumoniae HS11286 chromosome, complete genome
kang_reads/ERR8610051_1.fastq.gz	kleb.fna	99.05	97.14	98.96-99.14	0.773	0.773	0.74-0.80	1	1.516	9044/22210	NC_016845.1 Klebsiella pneumoniae subsp. pneumoniae HS11286 chromosome, complete genome
kang_reads/ERR10018005_1.fastq.gz	kleb.fna	99.05	94.76	98.82-99.34	0.268	0.268	0.24-0.28	1	22.010	4181/22210	NC_016845.1 Klebsiella pneumoniae subsp. pneumoniae HS11286 chromosome, complete genome
kang_reads/ERR9709599_1.fastq.gz	kleb.fna	99.05	97.20	98.94-99.14	0.774	0.774	0.74-0.81	1	13.031	9197/22210	NC_016845.1 Klebsiella pneumoniae subsp. pneumoniae HS11286 chromosome, complete genome
kang_reads/ERR8609821_1.fastq.gz	kleb.fna	99.05	94.25	98.82-99.32	0.232	0.232	0.21-0.25	1	1.773	3546/22210	NC_016845.1 Klebsiella pneumoniae subsp. pneumoniae HS11286 chromosome, complete genome
kang_reads/ERR8609872_1.fastq.gz	kleb.fna	99.05	98.30	99.00-99.09	1.488	1.488	1.44-1.54	2	2.887	13040/22210	NC_016845.1 Klebsiella pneumoniae subsp. pneumoniae HS11286 chromosome, complete genome
kang_reads/ERR9709616_1.fastq.gz	kleb.fna	99.05	93.98	98.72-99.39	0.198	0.198	0.17-0.22	1	35.939	3238/22210	NC_016845.1 Klebsiella pneumoniae subsp. pneumoniae HS11286 chromosome, complete genome
kang_reads/ERR8610008_1.fastq.gz	kleb.fna	99.05	99.05	NA-NA	10.733	HIGH	NA-NA	8	10.733	16508/22210	NC_016845.1 Klebsiella pneumoniae subsp. pneumoniae HS11286 chromosome, complete genome
kang_reads/ERR8610056_1.fastq.gz	kleb.fna	99.05	99.05	NA-NA	39.864	HIGH	NA-NA	30	39.864	16505/22210	NC_016845.1 Klebsiella pneumoniae subsp. pneumoniae HS11286 chromosome, complete genome
kang_reads/ERR8610082_1.fastq.gz	kleb.fna	99.05	99.05	NA-NA	128.645	HIGH	NA-NA	122	128.645	16505/22210	NC_016845.1 Klebsiella pneumoniae subsp. pneumoniae HS11286 chromosome, complete genome
kang_reads/ERR9706886_1.fastq.gz	kleb.fna	99.05	93.22	98.67-99.38	0.149	0.149	0.13-0.17	1	27.184	2516/22210	NC_016845.1 Klebsiella pneumoniae subsp. pneumoniae HS11286 chromosome, complete genome
kang_reads/ERR10020112_1.fastq.gz	kleb.fna	99.04	93.16	98.60-99.41	0.143	0.143	0.13-0.16	1	59.634	2472/22210	NC_016845.1 Klebsiella pneumoniae subsp. pneumoniae HS11286 chromosome, complete genome
kang_reads/ERR8609843_1.fastq.gz	kleb.fna	99.04	96.50	98.92-99.19	0.559	0.559	0.52-0.58	1	2.427	7352/22210	NC_016845.1 Klebsiella pneumoniae subsp. pneumoniae HS11286 chromosome, complete genome
kang_reads/ERR8610084_1.fastq.gz	kleb.fna	99.04	99.04	NA-NA	112.097	HIGH	NA-NA	103	112.097	16467/22210	NC_016845.1 Klebsiella pneumoniae subsp. pneumoniae HS11286 chromosome, complete genome
kang_reads/ERR8609813_1.fastq.gz	kleb.fna	99.04	99.04	NA-NA	3.162	HIGH	NA-NA	3	3.162	16458/22210	NC_016845.1 Klebsiella pneumoniae subsp. pneumoniae HS11286 chromosome, complete genome
kang_reads/ERR8609837_1.fastq.gz	kleb.fna	99.03	99.03	NA-NA	4.570	HIGH	NA-NA	4	4.570	16413/22210	NC_016845.1 Klebsiella pneumoniae subsp. pneumoniae HS11286 chromosome, complete genome
kang_reads/ERR8610066_1.fastq.gz	kleb.fna	99.03	99.03	NA-NA	78.205	HIGH	NA-NA	68	78.205	16406/22210	NC_016845.1 Klebsiella pneumoniae subsp. pneumoniae HS11286 chromosome, complete genome
kang_reads/ERR8609814_1.fastq.gz	kleb.fna	99.02	99.02	NA-NA	5.384	HIGH	NA-NA	5	5.384	16386/22210	NC_016845.1 Klebsiella pneumoniae subsp. pneumoniae HS11286 chromosome, complete genome
kang_reads/ERR8609909_1.fastq.gz	kleb.fna	99.02	99.02	NA-NA	16.759	HIGH	NA-NA	16	16.759	16375/22210	NC_016845.1 Klebsiella pneumoniae subsp. pneumoniae HS11286 chromosome, complete genome
kang_reads/ERR8609902_1.fastq.gz	kleb.fna	99.02	98.23	98.97-99.08	1.451	1.451	1.41-1.49	2	2.756	12779/22210	NC_016845.1 Klebsiella pneumoniae subsp. pneumoniae HS11286 chromosome, complete genome
kang_reads/ERR8609976_1.fastq.gz	kleb.fna	99.02	99.02	NA-NA	26.561	HIGH	NA-NA	3	26.561	16356/22210	NC_016845.1 Klebsiella pneumoniae subsp. pneumoniae HS11286 chromosome, complete genome
kang_reads/ERR8609871_1.fastq.gz	kleb.fna	99.01	92.23	98.38-99.71	0.100	0.100	0.08-0.12	1	4.188	1807/22210	NC_016845.1 Klebsiella pneumoniae subsp. pneumoniae HS11286 chromosome, complete genome
kang_reads/ERR8609782_1.fastq.gz	kleb.fna	99.01	95.07	98.86-99.25	0.323	0.323	0.30-0.34	1	1.548	4635/22210	NC_016845.1 Klebsiella pneumoniae subsp. pneumoniae HS11286 chromosome, complete genome
kang_reads/ERR8609818_1.fastq.gz	kleb.fna	99.01	99.01	NA-NA	8.357	HIGH	NA-NA	3	8.357	16313/22210	NC_016845.1 Klebsiella pneumoniae subsp. pneumoniae HS11286 chromosome, complete genome
kang_reads/ERR8610020_1.fastq.gz	kleb.fna	99.01	97.47	98.91-99.09	0.917	0.917	0.89-0.95	1	1.951	10036/22210	NC_016845.1 Klebsiella pneumoniae subsp. pneumoniae HS11286 chromosome, complete genome
kang_reads/ERR10017990_1.fastq.gz	kleb.fna	99.00	94.85	98.80-99.32	0.259	0.259	0.23-0.27	1	80.491	4314/22210	NC_016845.1 Klebsiella pneumoniae subsp. pneumoniae HS11286 chromosome, complete genome
kang_reads/ERR8609911_1.fastq.gz	kleb.fna	99.00	99.00	NA-NA	4.565	HIGH	NA-NA	4	4.565	16277/22210	NC_016845.1 Klebsiella pneumoniae subsp. pneumoniae HS11286 chromosome, complete genome
kang_reads/ERR8610016_1.fastq.gz	kleb.fna	99.00	99.00	NA-NA	7.126	HIGH	NA-NA	4	7.126	16255/22210	NC_016845.1 Klebsiella pneumoniae subsp. pneumoniae HS11286 chromosome, complete genome
kang_reads/ERR8609898_1.fastq.gz	kleb.fna	99.00	95.77	98.86-99.15	0.429	0.429	0.40-0.45	1	1.634	5821/22210	NC_016845.1 Klebsiella pneumoniae subsp. pneumoniae HS11286 chromosome, complete genome
kang_reads/ERR8610057_1.fastq.gz	kleb.fna	99.00	99.00	NA-NA	7.311	HIGH	NA-NA	4	7.311	16244/22210	NC_016845.1 Klebsiella pneumoniae subsp. pneumoniae HS11286 chromosome, complete genome
kang_reads/ERR8610072_1.fastq.gz	kleb.fna	99.00	96.69	98.90-99.12	0.641	0.641	0.60-0.67	1	1.474	7821/22210	NC_016845.1 Klebsiella pneumoniae subsp. pneumoniae HS11286 chromosome, complete genome
kang_reads/ERR10017766_1.fastq.gz	kleb.fna	98.99	94.90	98.77-99.25	0.267	0.267	0.24-0.28	1	74.192	4386/22210	NC_016845.1 Klebsiella pneumoniae subsp. pneumoniae HS11286 chromosome, complete genome
kang_reads/ERR8610078_1.fastq.gz	kleb.fna	98.99	95.32	98.86-99.16	0.338	0.338	0.31-0.36	1	9.308	5025/22210	NC_016845.1 Klebsiella pneumoniae subsp. pneumoniae HS11286 chromosome, complete genome
kang_reads/ERR8610027_1.fastq.gz	kleb.fna	98.99	96.48	98.87-99.11	0.573	0.573	0.54-0.60	1	1.868	7308/22210	NC_016845.1 Klebsiella pneumoniae subsp. pneumoniae HS11286 chromosome, complete genome
kang_reads/ERR8609783_1.fastq.gz	kleb.fna	98.98	97.32	98.88-99.08	0.862	0.862	0.83-0.89	1	1.827	9559/22210	NC_016845.1 Klebsiella pneumoniae subsp. pneumoniae HS11286 chromosome, complete genome
kang_reads/ERR8609805_1.fastq.gz	kleb.fna	98.98	97.14	98.88-99.07	0.764	0.764	0.73-0.79	1	9.426	9044/22210	NC_016845.1 Klebsiella pneumoniae subsp. pneumoniae HS11286 chromosome, complete genome
kang_reads/ERR8610005_1.fastq.gz	kleb.fna	98.97	96.97	98.88-99.09	0.721	0.721	0.68-0.75	1	3.674	8569/22210	NC_016845.1 Klebsiella pneumoniae subsp. pneumoniae HS11286 chromosome, complete genome
kang_reads/ERR8609987_1.fastq.gz	kleb.fna	98.97	97.95	98.90-99.04	1.229	1.229	1.19-1.26	2	4.117	11681/22210	NC_016845.1 Klebsiella pneumoniae subsp. pneumoniae HS11286 chromosome, complete genome
kang_reads/ERR8609802_1.fastq.gz	kleb.fna	98.96	97.01	98.88-99.05	0.758	0.758	0.73-0.79	1	1.532	8680/22210	NC_016845.1 Klebsiella pneumoniae subsp. pneumoniae HS11286 chromosome, complete genome
kang_reads/ERR8610002_1.fastq.gz	kleb.fna	98.96	95.49	98.81-99.18	0.378	0.378	0.34-0.39	1	3.186	5311/22210	NC_016845.1 Klebsiella pneumoniae subsp. pneumoniae HS11286 chromosome, complete genome
kang_reads/ERR8609904_1.fastq.gz	kleb.fna	98.96	97.22	98.87-99.05	0.830	0.830	0.80-0.86	1	1.905	9270/22210	NC_016845.1 Klebsiella pneumoniae subsp. pneumoniae HS11286 chromosome, complete genome
kang_reads/ERR8610032_1.fastq.gz	kleb.fna	98.96	98.26	98.91-99.01	1.549	1.549	1.49-1.60	2	8.702	12903/22210	NC_016845.1 Klebsiella pneumoniae subsp. pneumoniae HS11286 chromosome, complete genome
kang_reads/ERR9709543_1.fastq.gz	kleb.fna	98.95	93.91	98.57-99.35	0.182	0.182	0.16-0.20	1	73.775	3162/22210	NC_016845.1 Klebsiella pneumoniae subsp. pneumoniae HS11286 chromosome, complete genome
kang_reads/ERR8610080_1.fastq.gz	kleb.fna	98.95	96.18	98.84-99.11	0.522	0.522	0.48-0.54	1	1.438	6634/22210	NC_016845.1 Klebsiella pneumoniae subsp. pneumoniae HS11286 chromosome, complete genome
kang_reads/ERR10017979_1.fastq.gz	kleb.fna	98.95	94.81	98.71-99.25	0.268	0.268	0.24-0.29	1	77.064	4261/22210	NC_016845.1 Klebsiella pneumoniae subsp. pneumoniae HS11286 chromosome, complete genome
kang_reads/ERR8610000_1.fastq.gz	kleb.fna	98.95	95.61	98.82-99.16	0.404	0.404	0.37-0.42	1	1.714	5522/22210	NC_016845.1 Klebsiella pneumoniae subsp. pneumoniae HS11286 chromosome, complete genome
kang_reads/ERR9706884_1.fastq.gz	kleb.fna	98.95	93.96	98.66-99.27	0.206	0.206	0.18-0.23	1	21.173	3218/22210	NC_016845.1 Klebsiella pneumoniae subsp. pneumoniae HS11286 chromosome, complete genome
kang_reads/ERR8609940_1.fastq.gz	kleb.fna	98.95	96.67	98.85-99.08	0.633	0.633	0.60-0.66	1	3.477	7784/22210	NC_016845.1 Klebsiella pneumoniae subsp. pneumoniae HS11286 chromosome, complete genome
kang_reads/ERR8609992_1.fastq.gz	kleb.fna	98.95	98.95	NA-NA	3.479	HIGH	NA-NA	3	3.479	15991/22210	NC_016845.1 Klebsiella pneumoniae subsp. pneumoniae HS11286 chromosome, complete genome
kang_reads/ERR8610015_1.fastq.gz	kleb.fna	98.95	97.61	98.86-99.03	1.031	1.031	0.99-1.07	1	1.997	10487/22210	NC_016845.1 Klebsiella pneumoniae subsp. pneumoniae HS11286 chromosome, complete genome
kang_reads/ERR8609981_1.fastq.gz	kleb.fna	98.94	97.04	98.85-99.05	0.748	0.748	0.71-0.78	1	4.271	8737/22210	NC_016845.1 Klebsiella pneumoniae subsp. pneumoniae HS11286 chromosome, complete genome
kang_reads/ERR8610034_1.fastq.gz	kleb.fna	98.94	96.63	98.84-99.08	0.618	0.618	0.58-0.64	1	2.439	7673/22210	NC_016845.1 Klebsiella pneumoniae subsp. pneumoniae HS11286 chromosome, complete genome
kang_reads/ERR8610061_1.fastq.gz	kleb.fna	98.94	94.67	98.75-99.20	0.287	0.287	0.26-0.30	1	1.209	4062/22210	NC_016845.1 Klebsiella pneumoniae subsp. pneumoniae HS11286 chromosome, complete genome
kang_reads/ERR9709553_1.fastq.gz	kleb.fna	98.94	93.12	98.55-99.26	0.149	0.149	0.13-0.17	1	28.783	2437/22210	NC_016845.1 Klebsiella pneumoniae subsp. pneumoniae HS11286 chromosome, complete genome
kang_reads/ERR10019718_1.fastq.gz	kleb.fna	98.94	94.29	98.63-99.22	0.231	0.231	0.21-0.26	1	53.662	3587/22210	NC_016845.1 Klebsiella pneumoniae subsp. pneumoniae HS11286 chromosome, complete genome
kang_reads/ERR10017985_1.fastq.gz	kleb.fna	98.93	94.62	98.68-99.24	0.249	0.249	0.22-0.27	1	53.507	4005/22210	NC_016845.1 Klebsiella pneumoniae subsp. pneumoniae HS11286 chromosome, complete genome
kang_reads/ERR9710931_1.fastq.gz	kleb.fna	98.93	94.29	98.67-99.20	0.228	0.228	0.21-0.25	1	35.823	3591/22210	NC_016845.1 Klebsiella pneumoniae subsp. pneumoniae HS11286 chromosome, complete genome
kang_reads/ERR8609777_1.fastq.gz	kleb.fna	98.93	91.82	98.28-99.67	0.087	0.087	0.07-0.11	1	5.368	1575/22210	NC_016845.1 Klebsiella pneumoniae subsp. pneumoniae HS11286 chromosome, complete genome
kang_reads/ERR9709637_1.fastq.gz	kleb.fna	98.92	94.48	98.64-99.16	0.252	0.252	0.23-0.27	1	32.295	3824/22210	NC_016845.1 Klebsiella pneumoniae subsp. pneumoniae HS11286 chromosome, complete genome
kang_reads/ERR8609986_1.fastq.gz	kleb.fna	98.92	95.74	98.79-99.12	0.410	0.410	0.38-0.43	1	9.308	5768/22210	NC_016845.1 Klebsiella pneumoniae subsp. pneumoniae HS11286 chromosome, complete genome
kang_reads/ERR8609936_1.fastq.gz	kleb.fna	98.92	94.08	98.58-99.23	0.211	0.211	0.19-0.23	1	9.216	3348/22210	NC_016845.1 Klebsiella pneumoniae subsp. pneumoniae HS11286 chromosome, complete genome
kang_reads/ERR8610024_1.fastq.gz	kleb.fna	98.92	95.03	98.77-99.14	0.309	0.309	0.28-0.33	1	17.260	4571/22210	NC_016845.1 Klebsiella pneumoniae subsp. pneumoniae HS11286 chromosome, complete genome
kang_reads/ERR8610070_1.fastq.gz	kleb.fna	98.92	96.09	98.78-99.06	0.495	0.495	0.46-0.52	1	2.030	6441/22210	NC_016845.1 Klebsiella pneumoniae subsp. pneumoniae HS11286 chromosome, complete genome
kang_reads/ERR8609930_1.fastq.gz	kleb.fna	98.91	98.91	NA-NA	6.231	HIGH	NA-NA	4	6.231	15830/22210	NC_016845.1 Klebsiella pneumoniae subsp. pneumoniae HS11286 chromosome, complete genome
kang_reads/ERR8610107_1.fastq.gz	kleb.fna	98.91	98.91	NA-NA	4.186	HIGH	NA-NA	3	4.186	15830/22210	NC_016845.1 Klebsiella pneumoniae subsp. pneumoniae HS11286 chromosome, complete genome
kang_reads/ERR8610081_1.fastq.gz	kleb.fna	98.90	98.90	NA-NA	10.436	HIGH	NA-NA	3	10.436	15787/22210	NC_016845.1 Klebsiella pneumoniae subsp. pneumoniae HS11286 chromosome, complete genome
kang_reads/ERR8610117_1.fastq.gz	kleb.fna	98.90	98.90	NA-NA	4.651	HIGH	NA-NA	3	4.651	15758/22210	NC_016845.1 Klebsiella pneumoniae subsp. pneumoniae HS11286 chromosome, complete genome
kang_reads/ERR9709446_1.fastq.gz	kleb.fna	98.89	94.03	98.62-99.17	0.216	0.216	0.19-0.24	1	20.581	3292/22210	NC_016845.1 Klebsiella pneumoniae subsp. pneumoniae HS11286 chromosome, complete genome
kang_reads/ERR8609931_1.fastq.gz	kleb.fna	98.89	92.42	98.26-99.48	0.117	0.117	0.09-0.14	1	2.805	1927/22210	NC_016845.1 Klebsiella pneumoniae subsp. pneumoniae HS11286 chromosome, complete genome
kang_reads/ERR8610003_1.fastq.gz	kleb.fna	98.89	93.45	98.47-99.26	0.173	0.173	0.15-0.20	1	12.588	2719/22210	NC_016845.1 Klebsiella pneumoniae subsp. pneumoniae HS11286 chromosome, complete genome
kang_reads/ERR8609978_1.fastq.gz	kleb.fna	98.89	98.89	NA-NA	3.968	HIGH	NA-NA	3	3.968	15709/22210	NC_016845.1 Klebsiella pneumoniae subsp. pneumoniae HS11286 chromosome, complete genome
kang_reads/ERR8610104_1.fastq.gz	kleb.fna	98.89	94.21	98.63-99.19	0.246	0.246	0.22-0.27	1	1.174	3495/22210	NC_016845.1 Klebsiella pneumoniae subsp. pneumoniae HS11286 chromosome, complete genome
kang_reads/ERR8609773_1.fastq.gz	kleb.fna	98.88	98.88	NA-NA	3.269	HIGH	NA-NA	3	3.269	15668/22210	NC_016845.1 Klebsiella pneumoniae subsp. pneumoniae HS11286 chromosome, complete genome
kang_reads/ERR8609825_1.fastq.gz	kleb.fna	98.88	91.77	98.14-99.70	0.095	0.095	0.07-0.12	1	3.490	1549/22210	NC_016845.1 Klebsiella pneumoniae subsp. pneumoniae HS11286 chromosome, complete genome
kang_reads/ERR8610101_1.fastq.gz	kleb.fna	98.87	93.42	98.46-99.21	0.185	0.185	0.16-0.21	1	1.130	2695/22210	NC_016845.1 Klebsiella pneumoniae subsp. pneumoniae HS11286 chromosome, complete genome
kang_reads/ERR10017767_1.fastq.gz	kleb.fna	98.87	95.17	98.68-99.10	0.313	0.313	0.29-0.33	1	84.708	4790/22210	NC_016845.1 Klebsiella pneumoniae subsp. pneumoniae HS11286 chromosome, complete genome
kang_reads/ERR9709570_1.fastq.gz	kleb.fna	98.87	93.95	98.56-99.19	0.211	0.211	0.19-0.23	1	28.731	3211/22210	NC_016845.1 Klebsiella pneumoniae subsp. pneumoniae HS11286 chromosome, complete genome
kang_reads/ERR9709582_1.fastq.gz	kleb.fna	98.85	93.77	98.48-99.25	0.178	0.178	0.15-0.20	1	70.680	3023/22210	NC_016845.1 Klebsiella pneumoniae subsp. pneumoniae HS11286 chromosome, complete genome
kang_reads/ERR9712249_1.fastq.gz	kleb.fna	98.85	93.70	98.46-99.14	0.193	0.193	0.17-0.21	1	22.623	2958/22210	NC_016845.1 Klebsiella pneumoniae subsp. pneumoniae HS11286 chromosome, complete genome
kang_reads/ERR9709547_1.fastq.gz	kleb.fna	98.84	93.60	98.49-99.25	0.174	0.174	0.15-0.19	1	59.012	2858/22210	NC_016845.1 Klebsiella pneumoniae subsp. pneumoniae HS11286 chromosome, complete genome
kang_reads/ERR8609824_1.fastq.gz	kleb.fna	98.84	90.91	97.58-100.38	0.055	0.055	0.03-0.08	1	7.222	1156/22210	NC_016845.1 Klebsiella pneumoniae subsp. pneumoniae HS11286 chromosome, complete genome
kang_reads/ERR8609801_1.fastq.gz	kleb.fna	98.84	95.46	98.70-99.04	0.382	0.382	0.35-0.40	1	7.445	5260/22210	NC_016845.1 Klebsiella pneumoniae subsp. pneumoniae HS11286 chromosome, complete genome
kang_reads/ERR8609962_1.fastq.gz	kleb.fna	98.84	95.25	98.68-99.03	0.349	0.349	0.32-0.37	1	4.742	4908/22210	NC_016845.1 Klebsiella pneumoniae subsp. pneumoniae HS11286 chromosome, complete genome
kang_reads/ERR9709438_1.fastq.gz	kleb.fna	98.83	93.29	98.48-99.19	0.164	0.164	0.15-0.18	1	27.523	2575/22210	NC_016845.1 Klebsiella pneumoniae subsp. pneumoniae HS11286 chromosome, complete genome
kang_reads/ERR8610049_1.fastq.gz	kleb.fna	98.83	96.06	98.70-99.00	0.497	0.497	0.46-0.52	1	5.879	6384/22210	NC_016845.1 Klebsiella pneumoniae subsp. pneumoniae HS11286 chromosome, complete genome
kang_reads/ERR8610112_1.fastq.gz	kleb.fna	98.83	95.47	98.69-99.00	0.410	0.410	0.38-0.43	1	1.346	5281/22210	NC_016845.1 Klebsiella pneumoniae subsp. pneumoniae HS11286 chromosome, complete genome
kang_reads/ERR8610091_1.fastq.gz	kleb.fna	98.83	97.10	98.74-98.91	0.846	0.846	0.82-0.88	1	1.605	8928/22210	NC_016845.1 Klebsiella pneumoniae subsp. pneumoniae HS11286 chromosome, complete genome
kang_reads/ERR9696884_1.fastq.gz	kleb.fna	98.82	95.54	98.68-99.00	0.403	0.403	0.37-0.42	1	27.046	5394/22210	NC_016845.1 Klebsiella pneumoniae subsp. pneumoniae HS11286 chromosome, complete genome
kang_reads/ERR8609995_1.fastq.gz	kleb.fna	98.82	95.19	98.65-99.03	0.351	0.351	0.32-0.37	1	2.484	4817/22210	NC_016845.1 Klebsiella pneumoniae subsp. pneumoniae HS11286 chromosome, complete genome
kang_reads/ERR8609795_1.fastq.gz	kleb.fna	98.81	98.81	NA-NA	3.003	HIGH	NA-NA	3	3.003	15345/22210	NC_016845.1 Klebsiella pneumoniae subsp. pneumoniae HS11286 chromosome, complete genome
kang_reads/ERR9706887_1.fastq.gz	kleb.fna	98.81	93.65	98.39-99.18	0.170	0.170	0.15-0.19	1	68.832	2902/22210	NC_016845.1 Klebsiella pneumoniae subsp. pneumoniae HS11286 chromosome, complete genome
kang_reads/ERR9709610_1.fastq.gz	kleb.fna	98.81	93.57	98.44-99.22	0.178	0.178	0.15-0.20	1	56.579	2830/22210	NC_016845.1 Klebsiella pneumoniae subsp. pneumoniae HS11286 chromosome, complete genome
kang_reads/ERR9709623_1.fastq.gz	kleb.fna	98.81	93.34	98.43-99.18	0.166	0.166	0.15-0.19	1	44.911	2625/22210	NC_016845.1 Klebsiella pneumoniae subsp. pneumoniae HS11286 chromosome, complete genome
kang_reads/ERR8609815_1.fastq.gz	kleb.fna	98.80	93.14	98.42-99.30	0.160	0.160	0.13-0.18	1	3.042	2453/22210	NC_016845.1 Klebsiella pneumoniae subsp. pneumoniae HS11286 chromosome, complete genome
kang_reads/ERR8609867_1.fastq.gz	kleb.fna	98.79	96.26	98.69-98.95	0.568	0.568	0.53-0.59	1	1.811	6815/22210	NC_016845.1 Klebsiella pneumoniae subsp. pneumoniae HS11286 chromosome, complete genome
kang_reads/ERR8609769_1.fastq.gz	kleb.fna	98.79	96.52	98.69-98.93	0.647	0.647	0.61-0.67	1	1.574	7398/22210	NC_016845.1 Klebsiella pneumoniae subsp. pneumoniae HS11286 chromosome, complete genome
kang_reads/ERR8609982_1.fastq.gz	kleb.fna	98.79	96.58	98.68-98.92	0.668	0.668	0.63-0.69	1	1.505	7545/22210	NC_016845.1 Klebsiella pneumoniae subsp. pneumoniae HS11286 chromosome, complete genome
kang_reads/ERR8610114_1.fastq.gz	kleb.fna	98.79	95.99	98.67-99.00	0.489	0.489	0.45-0.51	1	3.898	6237/22210	NC_016845.1 Klebsiella pneumoniae subsp. pneumoniae HS11286 chromosome, complete genome
kang_reads/ERR8610092_1.fastq.gz	kleb.fna	98.78	93.42	98.36-99.14	0.191	0.191	0.17-0.22	1	1.120	2697/22210	NC_016845.1 Klebsiella pneumoniae subsp. pneumoniae HS11286 chromosome, complete genome
kang_reads/ERR8610108_1.fastq.gz	kleb.fna	98.77	91.43	98.01-99.52	0.077	0.077	0.06-0.10	1	10.028	1380/22210	NC_016845.1 Klebsiella pneumoniae subsp. pneumoniae HS11286 chromosome, complete genome
kang_reads/ERR8610023_1.fastq.gz	kleb.fna	98.76	93.87	98.43-99.06	0.227	0.227	0.20-0.25	1	1.418	3128/22210	NC_016845.1 Klebsiella pneumoniae subsp. pneumoniae HS11286 chromosome, complete genome
kang_reads/ERR9709600_1.fastq.gz	kleb.fna	98.76	93.78	98.43-99.06	0.206	0.206	0.18-0.23	1	20.605	3029/22210	NC_016845.1 Klebsiella pneumoniae subsp. pneumoniae HS11286 chromosome, complete genome
kang_reads/ERR8609887_1.fastq.gz	kleb.fna	98.76	95.52	98.57-98.95	0.418	0.418	0.38-0.44	1	2.042	5372/22210	NC_016845.1 Klebsiella pneumoniae subsp. pneumoniae HS11286 chromosome, complete genome
kang_reads/ERR9709612_1.fastq.gz	kleb.fna	98.76	93.44	98.32-99.19	0.177	0.177	0.15-0.20	1	36.823	2710/22210	NC_016845.1 Klebsiella pneumoniae subsp. pneumoniae HS11286 chromosome, complete genome
kang_reads/ERR8609954_1.fastq.gz	kleb.fna	98.74	94.71	98.54-99.01	0.306	0.306	0.28-0.33	1	2.097	4125/22210	NC_016845.1 Klebsiella pneumoniae subsp. pneumoniae HS11286 chromosome, complete genome
kang_reads/ERR8609974_1.fastq.gz	kleb.fna	98.72	95.03	98.56-98.94	0.344	0.344	0.32-0.36	1	3.446	4579/22210	NC_016845.1 Klebsiella pneumoniae subsp. pneumoniae HS11286 chromosome, complete genome
kang_reads/ERR9709545_1.fastq.gz	kleb.fna	98.72	93.46	98.34-99.12	0.176	0.176	0.15-0.19	1	54.245	2731/22210	NC_016845.1 Klebsiella pneumoniae subsp. pneumoniae HS11286 chromosome, complete genome
kang_reads/ERR8610014_1.fastq.gz	kleb.fna	98.72	96.81	98.62-98.81	0.770	0.770	0.74-0.80	1	1.636	8135/22210	NC_016845.1 Klebsiella pneumoniae subsp. pneumoniae HS11286 chromosome, complete genome
kang_reads/ERR8609866_1.fastq.gz	kleb.fna	98.71	94.54	98.52-98.96	0.274	0.274	0.25-0.29	1	4.574	3898/22210	NC_016845.1 Klebsiella pneumoniae subsp. pneumoniae HS11286 chromosome, complete genome
kang_reads/ERR8609774_1.fastq.gz	kleb.fna	98.71	98.71	NA-NA	13.407	HIGH	NA-NA	8	13.407	14839/22210	NC_016845.1 Klebsiella pneumoniae subsp. pneumoniae HS11286 chromosome, complete genome
kang_reads/ERR8609926_1.fastq.gz	kleb.fna	98.71	95.94	98.57-98.88	0.522	0.522	0.49-0.54	1	1.518	6150/22210	NC_016845.1 Klebsiella pneumoniae subsp. pneumoniae HS11286 chromosome, complete genome
kang_reads/ERR8609993_1.fastq.gz	kleb.fna	98.70	95.32	98.53-98.89	0.388	0.388	0.36-0.41	1	4.819	5025/22210	NC_016845.1 Klebsiella pneumoniae subsp. pneumoniae HS11286 chromosome, complete genome
kang_reads/ERR8609964_1.fastq.gz	kleb.fna	98.68	95.46	98.55-98.84	0.431	0.431	0.40-0.45	1	1.658	5252/22210	NC_016845.1 Klebsiella pneumoniae subsp. pneumoniae HS11286 chromosome, complete genome
kang_reads/ERR8610116_1.fastq.gz	kleb.fna	98.67	96.47	98.55-98.80	0.649	0.649	0.61-0.68	1	3.350	7296/22210	NC_016845.1 Klebsiella pneumoniae subsp. pneumoniae HS11286 chromosome, complete genome
kang_reads/ERR8609921_1.fastq.gz	kleb.fna	98.66	93.23	98.24-99.07	0.174	0.174	0.15-0.19	1	2.387	2526/22210	NC_016845.1 Klebsiella pneumoniae subsp. pneumoniae HS11286 chromosome, complete genome
kang_reads/ERR8609876_1.fastq.gz	kleb.fna	98.66	92.48	98.08-99.11	0.119	0.119	0.10-0.14	1	33.933	1965/22210	NC_016845.1 Klebsiella pneumoniae subsp. pneumoniae HS11286 chromosome, complete genome
kang_reads/ERR10020475_1.fastq.gz	kleb.fna	98.66	90.42	97.32-100.11	0.046	0.046	0.03-0.07	1	114.137	980/22210	NC_016845.1 Klebsiella pneumoniae subsp. pneumoniae HS11286 chromosome, complete genome
kang_reads/ERR9706908_1.fastq.gz	kleb.fna	98.64	93.63	98.24-98.95	0.203	0.203	0.18-0.23	1	23.083	2891/22210	NC_016845.1 Klebsiella pneumoniae subsp. pneumoniae HS11286 chromosome, complete genome
kang_reads/ERR9706900_1.fastq.gz	kleb.fna	98.63	93.25	98.28-99.01	0.173	0.173	0.15-0.19	1	28.319	2548/22210	NC_016845.1 Klebsiella pneumoniae subsp. pneumoniae HS11286 chromosome, complete genome
kang_reads/ERR9709591_1.fastq.gz	kleb.fna	98.63	94.55	98.43-98.89	0.288	0.288	0.26-0.31	1	28.682	3910/22210	NC_016845.1 Klebsiella pneumoniae subsp. pneumoniae HS11286 chromosome, complete genome
kang_reads/ERR8609823_1.fastq.gz	kleb.fna	98.63	93.97	98.30-98.90	0.222	0.222	0.20-0.24	1	14.357	3227/22210	NC_016845.1 Klebsiella pneumoniae subsp. pneumoniae HS11286 chromosome, complete genome
kang_reads/ERR8610102_1.fastq.gz	kleb.fna	98.62	93.41	98.29-98.96	0.200	0.200	0.17-0.22	1	1.483	2684/22210	NC_016845.1 Klebsiella pneumoniae subsp. pneumoniae HS11286 chromosome, complete genome
kang_reads/ERR9709629_1.fastq.gz	kleb.fna	98.62	95.28	98.48-98.84	0.372	0.372	0.34-0.39	1	35.184	4965/22210	NC_016845.1 Klebsiella pneumoniae subsp. pneumoniae HS11286 chromosome, complete genome
kang_reads/ERR9709609_1.fastq.gz	kleb.fna	98.61	93.42	98.26-99.00	0.188	0.188	0.16-0.21	1	25.717	2696/22210	NC_016845.1 Klebsiella pneumoniae subsp. pneumoniae HS11286 chromosome, complete genome
kang_reads/ERR8609922_1.fastq.gz	kleb.fna	98.60	94.81	98.43-98.85	0.332	0.332	0.31-0.35	1	1.966	4261/22210	NC_016845.1 Klebsiella pneumoniae subsp. pneumoniae HS11286 chromosome, complete genome
kang_reads/ERR8609881_1.fastq.gz	kleb.fna	98.59	93.71	98.28-98.92	0.227	0.227	0.20-0.25	1	1.324	2965/22210	NC_016845.1 Klebsiella pneumoniae subsp. pneumoniae HS11286 chromosome, complete genome
kang_reads/ERR8610062_1.fastq.gz	kleb.fna	98.59	91.67	97.74-99.49	0.084	0.084	0.06-0.11	1	14.580	1497/22210	NC_016845.1 Klebsiella pneumoniae subsp. pneumoniae HS11286 chromosome, complete genome
kang_reads/ERR8609893_1.fastq.gz	kleb.fna	98.57	95.81	98.44-98.74	0.512	0.512	0.48-0.54	1	1.779	5891/22210	NC_016845.1 Klebsiella pneumoniae subsp. pneumoniae HS11286 chromosome, complete genome
kang_reads/ERR8610069_1.fastq.gz	kleb.fna	98.57	93.35	98.13-98.96	0.182	0.182	0.16-0.20	1	3.214	2632/22210	NC_016845.1 Klebsiella pneumoniae subsp. pneumoniae HS11286 chromosome, complete genome
kang_reads/ERR8610018_1.fastq.gz	kleb.fna	98.56	93.74	98.25-98.92	0.217	0.217	0.19-0.24	1	3.127	2992/22210	NC_016845.1 Klebsiella pneumoniae subsp. pneumoniae HS11286 chromosome, complete genome
kang_reads/ERR8610095_1.fastq.gz	kleb.fna	98.56	91.92	97.98-99.10	0.119	0.119	0.10-0.14	1	1.155	1632/22210	NC_016845.1 Klebsiella pneumoniae subsp. pneumoniae HS11286 chromosome, complete genome
kang_reads/ERR8610060_1.fastq.gz	kleb.fna	98.54	92.57	98.00-99.07	0.129	0.129	0.11-0.15	1	6.323	2029/22210	NC_016845.1 Klebsiella pneumoniae subsp. pneumoniae HS11286 chromosome, complete genome
kang_reads/ERR9709556_1.fastq.gz	kleb.fna	98.54	93.18	98.10-98.88	0.166	0.166	0.15-0.19	1	63.062	2484/22210	NC_016845.1 Klebsiella pneumoniae subsp. pneumoniae HS11286 chromosome, complete genome
kang_reads/ERR8610119_1.fastq.gz	kleb.fna	98.54	94.55	98.34-98.82	0.306	0.306	0.28-0.32	1	1.847	3904/22210	NC_016845.1 Klebsiella pneumoniae subsp. pneumoniae HS11286 chromosome, complete genome
kang_reads/ERR8609899_1.fastq.gz	kleb.fna	98.54	93.72	98.26-98.92	0.231	0.231	0.20-0.25	1	1.412	2974/22210	NC_016845.1 Klebsiella pneumoniae subsp. pneumoniae HS11286 chromosome, complete genome
kang_reads/ERR9709549_1.fastq.gz	kleb.fna	98.53	94.14	98.29-98.76	0.255	0.255	0.23-0.28	1	30.318	3418/22210	NC_016845.1 Klebsiella pneumoniae subsp. pneumoniae HS11286 chromosome, complete genome
kang_reads/ERR10020116_1.fastq.gz	kleb.fna	98.52	93.72	98.04-98.91	0.157	0.157	0.14-0.18	1	99.646	2972/22210	NC_016845.1 Klebsiella pneumoniae subsp. pneumoniae HS11286 chromosome, complete genome
kang_reads/ERR8609901_1.fastq.gz	kleb.fna	98.52	92.67	97.96-98.95	0.157	0.157	0.14-0.18	1	1.729	2095/22210	NC_016845.1 Klebsiella pneumoniae subsp. pneumoniae HS11286 chromosome, complete genome
kang_reads/ERR9706888_1.fastq.gz	kleb.fna	98.52	93.17	98.22-98.83	0.175	0.175	0.16-0.19	1	24.582	2476/22210	NC_016845.1 Klebsiella pneumoniae subsp. pneumoniae HS11286 chromosome, complete genome
kang_reads/ERR8609941_1.fastq.gz	kleb.fna	98.50	92.89	98.03-98.97	0.150	0.150	0.13-0.17	1	6.640	2258/22210	NC_016845.1 Klebsiella pneumoniae subsp. pneumoniae HS11286 chromosome, complete genome
kang_reads/ERR9709953_1.fastq.gz	kleb.fna	98.50	93.62	98.14-98.88	0.194	0.194	0.17-0.22	1	47.362	2876/22210	NC_016845.1 Klebsiella pneumoniae subsp. pneumoniae HS11286 chromosome, complete genome
kang_reads/ERR8610047_1.fastq.gz	kleb.fna	98.49	96.53	98.38-98.60	0.746	0.746	0.71-0.78	1	1.894	7424/22210	NC_016845.1 Klebsiella pneumoniae subsp. pneumoniae HS11286 chromosome, complete genome
kang_reads/ERR8609849_1.fastq.gz	kleb.fna	98.48	90.16	97.56-99.49	0.065	0.065	0.05-0.09	1	1.270	896/22210	NC_016845.1 Klebsiella pneumoniae subsp. pneumoniae HS11286 chromosome, complete genome
kang_reads/ERR9709586_1.fastq.gz	kleb.fna	98.48	93.85	98.18-98.79	0.217	0.217	0.20-0.24	1	69.003	3109/22210	NC_016845.1 Klebsiella pneumoniae subsp. pneumoniae HS11286 chromosome, complete genome
kang_reads/ERR8610041_1.fastq.gz	kleb.fna	98.46	96.04	98.31-98.63	0.607	0.607	0.57-0.63	1	1.511	6354/22210	NC_016845.1 Klebsiella pneumoniae subsp. pneumoniae HS11286 chromosome, complete genome
kang_reads/ERR9711051_1.fastq.gz	kleb.fna	98.42	93.93	98.14-98.74	0.229	0.229	0.21-0.25	1	59.215	3185/22210	NC_016845.1 Klebsiella pneumoniae subsp. pneumoniae HS11286 chromosome, complete genome
kang_reads/ERR8610026_1.fastq.gz	kleb.fna	98.38	90.83	97.67-99.32	0.086	0.086	0.06-0.11	1	1.059	1126/22210	NC_016845.1 Klebsiella pneumoniae subsp. pneumoniae HS11286 chromosome, complete genome
kang_reads/ERR9706893_1.fastq.gz	kleb.fna	98.36	93.87	98.07-98.63	0.245	0.245	0.22-0.27	1	21.772	3125/22210	NC_016845.1 Klebsiella pneumoniae subsp. pneumoniae HS11286 chromosome, complete genome
kang_reads/ERR9709522_1.fastq.gz	kleb.fna	98.33	93.27	97.91-98.70	0.185	0.185	0.16-0.21	1	56.030	2559/22210	NC_016845.1 Klebsiella pneumoniae subsp. pneumoniae HS11286 chromosome, complete genome
kang_reads/ERR8609950_1.fastq.gz	kleb.fna	98.29	91.82	97.54-99.03	0.100	0.100	0.08-0.12	1	19.292	1576/22210	NC_016845.1 Klebsiella pneumoniae subsp. pneumoniae HS11286 chromosome, complete genome
kang_reads/ERR8610021_1.fastq.gz	kleb.fna	98.26	93.52	98.00-98.60	0.234	0.234	0.21-0.25	1	2.012	2785/22210	NC_016845.1 Klebsiella pneumoniae subsp. pneumoniae HS11286 chromosome, complete genome
kang_reads/ERR8610028_1.fastq.gz	kleb.fna	98.25	93.52	97.95-98.59	0.222	0.222	0.19-0.25	1	2.526	2780/22210	NC_016845.1 Klebsiella pneumoniae subsp. pneumoniae HS11286 chromosome, complete genome
kang_reads/ERR8609900_1.fastq.gz	kleb.fna	98.25	91.38	97.42-99.27	0.080	0.080	0.06-0.10	1	19.921	1358/22210	NC_016845.1 Klebsiella pneumoniae subsp. pneumoniae HS11286 chromosome, complete genome
kang_reads/ERR8610068_1.fastq.gz	kleb.fna	98.23	91.83	97.59-98.88	0.121	0.121	0.09-0.15	1	2.922	1584/22210	NC_016845.1 Klebsiella pneumoniae subsp. pneumoniae HS11286 chromosome, complete genome
kang_reads/ERR8609894_1.fastq.gz	kleb.fna	98.22	91.62	97.63-98.85	0.120	0.120	0.10-0.14	1	1.089	1475/22210	NC_016845.1 Klebsiella pneumoniae subsp. pneumoniae HS11286 chromosome, complete genome
kang_reads/ERR8609856_1.fastq.gz	kleb.fna	98.18	93.65	97.88-98.51	0.256	0.256	0.22-0.28	1	1.314	2903/22210	NC_016845.1 Klebsiella pneumoniae subsp. pneumoniae HS11286 chromosome, complete genome
kang_reads/ERR8610007_1.fastq.gz	kleb.fna	98.16	91.65	97.60-98.89	0.105	0.105	0.08-0.12	1	15.738	1487/22210	NC_016845.1 Klebsiella pneumoniae subsp. pneumoniae HS11286 chromosome, complete genome
kang_reads/ERR8609984_1.fastq.gz	kleb.fna	98.10	91.56	97.47-98.58	0.122	0.122	0.10-0.15	1	1.310	1442/22210	NC_016845.1 Klebsiella pneumoniae subsp. pneumoniae HS11286 chromosome, complete genome
kang_reads/ERR8609768_1.fastq.gz	kleb.fna	98.10	96.18	97.98-98.20	0.762	0.762	0.73-0.80	2	2.533	6632/22210	NC_016845.1 Klebsiella pneumoniae subsp. pneumoniae HS11286 chromosome, complete genome
kang_reads/ERR8610065_1.fastq.gz	kleb.fna	98.06	92.44	97.55-98.62	0.154	0.154	0.13-0.18	1	3.275	1940/22210	NC_016845.1 Klebsiella pneumoniae subsp. pneumoniae HS11286 chromosome, complete genome
kang_reads/ERR10020477_1.fastq.gz	kleb.fna	98.04	89.95	96.72-99.55	0.051	0.051	0.03-0.08	1	88.140	834/22210	NC_016845.1 Klebsiella pneumoniae subsp. pneumoniae HS11286 chromosome, complete genome
kang_reads/ERR8609808_1.fastq.gz	kleb.fna	98.04	93.14	97.63-98.39	0.219	0.219	0.19-0.25	1	1.726	2456/22210	NC_016845.1 Klebsiella pneumoniae subsp. pneumoniae HS11286 chromosome, complete genome
kang_reads/ERR8609822_1.fastq.gz	kleb.fna	98.04	90.18	96.89-99.11	0.075	0.075	0.05-0.11	1	2.325	901/22210	NC_016845.1 Klebsiella pneumoniae subsp. pneumoniae HS11286 chromosome, complete genome
kang_reads/ERR8609910_1.fastq.gz	kleb.fna	98.02	98.02	NA-NA	5.041	HIGH	NA-NA	3	5.041	11965/22210	NC_016845.1 Klebsiella pneumoniae subsp. pneumoniae HS11286 chromosome, complete genome
kang_reads/ERR8610096_1.fastq.gz	kleb.fna	97.99	96.18	97.86-98.10	0.803	0.803	0.76-0.85	2	2.837	6637/22210	NC_016845.1 Klebsiella pneumoniae subsp. pneumoniae HS11286 chromosome, complete genome
kang_reads/ERR8609896_1.fastq.gz	kleb.fna	97.98	89.09	96.42-99.57	0.043	0.043	0.03-0.07	1	5.621	618/22210	NC_016845.1 Klebsiella pneumoniae subsp. pneumoniae HS11286 chromosome, complete genome
kang_reads/ERR8610039_1.fastq.gz	kleb.fna	97.98	92.58	97.47-98.45	0.165	0.165	0.14-0.19	1	5.719	2037/22210	NC_016845.1 Klebsiella pneumoniae subsp. pneumoniae HS11286 chromosome, complete genome
kang_reads/ERR8609873_1.fastq.gz	kleb.fna	97.97	92.54	97.50-98.44	0.183	0.183	0.15-0.21	1	1.340	2009/22210	NC_016845.1 Klebsiella pneumoniae subsp. pneumoniae HS11286 chromosome, complete genome
kang_reads/ERR8610113_1.fastq.gz	kleb.fna	97.96	92.71	97.53-98.36	0.195	0.195	0.17-0.22	1	1.126	2123/22210	NC_016845.1 Klebsiella pneumoniae subsp. pneumoniae HS11286 chromosome, complete genome
kang_reads/ERR8610063_1.fastq.gz	kleb.fna	97.96	92.29	97.49-98.38	0.167	0.167	0.14-0.19	1	1.200	1847/22210	NC_016845.1 Klebsiella pneumoniae subsp. pneumoniae HS11286 chromosome, complete genome
kang_reads/ERR8609998_1.fastq.gz	kleb.fna	97.93	91.05	97.13-98.64	0.104	0.104	0.08-0.13	1	2.177	1214/22210	NC_016845.1 Klebsiella pneumoniae subsp. pneumoniae HS11286 chromosome, complete genome
kang_reads/ERR8609874_1.fastq.gz	kleb.fna	97.84	91.92	97.17-98.58	0.126	0.126	0.10-0.16	1	5.072	1628/22210	NC_016845.1 Klebsiella pneumoniae subsp. pneumoniae HS11286 chromosome, complete genome
kang_reads/ERR8609836_1.fastq.gz	kleb.fna	97.83	92.71	97.39-98.25	0.189	0.189	0.16-0.22	1	3.018	2126/22210	NC_016845.1 Klebsiella pneumoniae subsp. pneumoniae HS11286 chromosome, complete genome
kang_reads/ERR8610059_1.fastq.gz	kleb.fna	97.81	88.36	96.42-99.76	0.043	0.043	0.02-0.07	1	1.035	479/22210	NC_016845.1 Klebsiella pneumoniae subsp. pneumoniae HS11286 chromosome, complete genome
kang_reads/ERR8609949_1.fastq.gz	kleb.fna	97.80	94.89	97.67-97.99	0.486	0.486	0.45-0.51	1	1.347	4365/22210	NC_016845.1 Klebsiella pneumoniae subsp. pneumoniae HS11286 chromosome, complete genome
kang_reads/ERR10020473_1.fastq.gz	kleb.fna	97.76	90.13	96.69-98.95	0.059	0.059	0.04-0.08	1	117.444	886/22210	NC_016845.1 Klebsiella pneumoniae subsp. pneumoniae HS11286 chromosome, complete genome
kang_reads/ERR8609963_1.fastq.gz	kleb.fna	97.73	95.22	97.56-97.92	0.532	0.532	0.49-0.56	1	5.408	4870/22210	NC_016845.1 Klebsiella pneumoniae subsp. pneumoniae HS11286 chromosome, complete genome
kang_reads/ERR10020249_1.fastq.gz	kleb.fna	97.72	90.05	96.43-99.27	0.054	0.054	0.03-0.08	1	94.394	861/22210	NC_016845.1 Klebsiella pneumoniae subsp. pneumoniae HS11286 chromosome, complete genome
kang_reads/ERR8609989_1.fastq.gz	kleb.fna	97.70	91.43	97.00-98.45	0.108	0.108	0.08-0.14	1	22.669	1379/22210	NC_016845.1 Klebsiella pneumoniae subsp. pneumoniae HS11286 chromosome, complete genome
kang_reads/ERR8609967_1.fastq.gz	kleb.fna	97.70	95.86	97.57-97.82	0.776	0.776	0.74-0.82	2	2.708	5984/22210	NC_016845.1 Klebsiella pneumoniae subsp. pneumoniae HS11286 chromosome, complete genome
kang_reads/ERR8610042_1.fastq.gz	kleb.fna	97.70	91.85	97.08-98.30	0.154	0.154	0.12-0.18	1	1.651	1591/22210	NC_016845.1 Klebsiella pneumoniae subsp. pneumoniae HS11286 chromosome, complete genome
kang_reads/ERR8609888_1.fastq.gz	kleb.fna	97.70	92.60	97.26-98.12	0.205	0.205	0.18-0.24	1	1.194	2046/22210	NC_016845.1 Klebsiella pneumoniae subsp. pneumoniae HS11286 chromosome, complete genome
kang_reads/ERR8609835_1.fastq.gz	kleb.fna	97.68	87.61	96.00-100.08	0.034	0.034	0.02-0.05	1	1.549	368/22210	NC_016845.1 Klebsiella pneumoniae subsp. pneumoniae HS11286 chromosome, complete genome
kang_reads/ERR8609875_1.fastq.gz	kleb.fna	97.68	90.11	96.83-98.51	0.084	0.084	0.06-0.11	1	1.072	880/22210	NC_016845.1 Klebsiella pneumoniae subsp. pneumoniae HS11286 chromosome, complete genome
kang_reads/ERR8609971_1.fastq.gz	kleb.fna	97.64	91.69	96.97-98.07	0.149	0.149	0.13-0.18	1	1.275	1509/22210	NC_016845.1 Klebsiella pneumoniae subsp. pneumoniae HS11286 chromosome, complete genome
kang_reads/ERR8610128_1.fastq.gz	kleb.fna	97.62	91.14	96.85-98.49	0.120	0.120	0.09-0.15	1	2.413	1251/22210	NC_016845.1 Klebsiella pneumoniae subsp. pneumoniae HS11286 chromosome, complete genome
kang_reads/ERR8609848_1.fastq.gz	kleb.fna	97.60	90.59	96.56-99.19	0.070	0.070	0.04-0.10	2	15.510	1038/22210	NC_016845.1 Klebsiella pneumoniae subsp. pneumoniae HS11286 chromosome, complete genome
kang_reads/ERR8609985_1.fastq.gz	kleb.fna	97.58	93.93	97.41-97.81	0.357	0.357	0.32-0.38	1	1.426	3185/22210	NC_016845.1 Klebsiella pneumoniae subsp. pneumoniae HS11286 chromosome, complete genome
kang_reads/ERR8609855_1.fastq.gz	kleb.fna	97.52	91.64	96.84-98.17	0.150	0.150	0.12-0.19	1	2.540	1485/22210	NC_016845.1 Klebsiella pneumoniae subsp. pneumoniae HS11286 chromosome, complete genome
kang_reads/ERR8609770_1.fastq.gz	kleb.fna	97.48	93.95	97.31-97.72	0.375	0.375	0.34-0.40	1	1.260	3210/22210	NC_016845.1 Klebsiella pneumoniae subsp. pneumoniae HS11286 chromosome, complete genome
kang_reads/ERR8610067_1.fastq.gz	kleb.fna	97.46	91.67	96.83-98.26	0.128	0.128	0.10-0.16	1	7.196	1497/22210	NC_016845.1 Klebsiella pneumoniae subsp. pneumoniae HS11286 chromosome, complete genome
kang_reads/ERR8609785_1.fastq.gz	kleb.fna	97.21	94.23	97.03-97.47	0.415	0.415	0.37-0.44	1	6.400	3514/22210	NC_016845.1 Klebsiella pneumoniae subsp. pneumoniae HS11286 chromosome, complete genome
kang_reads/ERR10020287_1.fastq.gz	kleb.fna	97.18	90.29	96.20-98.19	0.077	0.077	0.05-0.10	1	123.788	935/22210	NC_016845.1 Klebsiella pneumoniae subsp. pneumoniae HS11286 chromosome, complete genome
kang_reads/ERR8609968_1.fastq.gz	kleb.fna	97.15	95.37	97.01-97.31	0.760	0.760	0.71-0.80	1	12.825	5106/22210	NC_016845.1 Klebsiella pneumoniae subsp. pneumoniae HS11286 chromosome, complete genome
kang_reads/ERR8609793_1.fastq.gz	kleb.fna	96.98	92.77	96.57-97.33	0.255	0.255	0.22-0.29	1	7.244	2172/22210	NC_016845.1 Klebsiella pneumoniae subsp. pneumoniae HS11286 chromosome, complete genome
kang_reads/ERR8610025_1.fastq.gz	kleb.fna	96.98	89.71	96.14-97.94	0.091	0.091	0.07-0.12	1	1.285	768/22210	NC_016845.1 Klebsiella pneumoniae subsp. pneumoniae HS11286 chromosome, complete genome
kang_reads/ERR10019296_1.fastq.gz	kleb.fna	96.96	96.96	NA-NA	188.816	HIGH	NA-NA	253	188.816	8531/22210	NC_016845.1 Klebsiella pneumoniae subsp. pneumoniae HS11286 chromosome, complete genome
kang_reads/ERR8610048_1.fastq.gz	kleb.fna	96.95	91.30	96.21-97.57	0.128	0.128	0.10-0.16	1	14.611	1323/22210	NC_016845.1 Klebsiella pneumoniae subsp. pneumoniae HS11286 chromosome, complete genome
kang_reads/ERR8610043_1.fastq.gz	kleb.fna	96.92	90.36	95.90-97.98	0.092	0.092	0.07-0.13	1	7.130	958/22210	NC_016845.1 Klebsiella pneumoniae subsp. pneumoniae HS11286 chromosome, complete genome
kang_reads/ERR8609771_1.fastq.gz	kleb.fna	96.85	96.85	NA-NA	13.199	HIGH	NA-NA	13	13.199	8225/22210	NC_016845.1 Klebsiella pneumoniae subsp. pneumoniae HS11286 chromosome, complete genome
kang_reads/ERR8609907_1.fastq.gz	kleb.fna	96.78	91.14	96.24-97.31	0.164	0.164	0.14-0.19	1	1.242	1251/22210	NC_016845.1 Klebsiella pneumoniae subsp. pneumoniae HS11286 chromosome, complete genome
kang_reads/ERR8609834_1.fastq.gz	kleb.fna	96.73	88.01	95.48-98.81	0.054	0.054	0.03-0.08	1	1.068	424/22210	NC_016845.1 Klebsiella pneumoniae subsp. pneumoniae HS11286 chromosome, complete genome
kang_reads/ERR8609868_1.fastq.gz	kleb.fna	96.72	93.42	96.46-96.99	0.405	0.405	0.36-0.45	1	2.326	2697/22210	NC_016845.1 Klebsiella pneumoniae subsp. pneumoniae HS11286 chromosome, complete genome
kang_reads/ERR10020421_1.fastq.gz	kleb.fna	96.69	90.84	95.81-97.74	0.106	0.106	0.08-0.14	1	58.260	1130/22210	NC_016845.1 Klebsiella pneumoniae subsp. pneumoniae HS11286 chromosome, complete genome
kang_reads/ERR8609794_1.fastq.gz	kleb.fna	96.61	91.73	96.11-97.16	0.173	0.173	0.14-0.20	1	23.468	1529/22210	NC_016845.1 Klebsiella pneumoniae subsp. pneumoniae HS11286 chromosome, complete genome
kang_reads/ERR8609934_1.fastq.gz	kleb.fna	96.57	93.81	96.38-96.84	0.449	0.449	0.41-0.48	1	6.066	3059/22210	NC_016845.1 Klebsiella pneumoniae subsp. pneumoniae HS11286 chromosome, complete genome
kang_reads/ERR10020443_1.fastq.gz	kleb.fna	96.57	90.06	95.47-97.74	0.077	0.077	0.05-0.11	1	97.993	865/22210	NC_016845.1 Klebsiella pneumoniae subsp. pneumoniae HS11286 chromosome, complete genome
kang_reads/ERR8610118_1.fastq.gz	kleb.fna	96.56	90.67	95.73-97.54	0.105	0.105	0.07-0.14	1	17.144	1066/22210	NC_016845.1 Klebsiella pneumoniae subsp. pneumoniae HS11286 chromosome, complete genome
kang_reads/ERR8609937_1.fastq.gz	kleb.fna	96.45	90.78	95.64-97.20	0.110	0.110	0.08-0.14	1	31.620	1106/22210	NC_016845.1 Klebsiella pneumoniae subsp. pneumoniae HS11286 chromosome, complete genome
kang_reads/ERR8610127_1.fastq.gz	kleb.fna	96.44	90.94	95.69-97.18	0.124	0.124	0.09-0.15	1	8.156	1171/22210	NC_016845.1 Klebsiella pneumoniae subsp. pneumoniae HS11286 chromosome, complete genome
kang_reads/ERR10020218_1.fastq.gz	kleb.fna	96.38	89.84	95.37-97.36	0.080	0.080	0.06-0.11	1	116.934	803/22210	NC_016845.1 Klebsiella pneumoniae subsp. pneumoniae HS11286 chromosome, complete genome
kang_reads/ERR8609933_1.fastq.gz	kleb.fna	96.33	89.95	95.56-97.13	0.124	0.124	0.09-0.16	1	1.096	832/22210	NC_016845.1 Klebsiella pneumoniae subsp. pneumoniae HS11286 chromosome, complete genome
kang_reads/ERR8610125_1.fastq.gz	kleb.fna	96.13	91.97	95.70-96.55	0.284	0.284	0.24-0.32	1	2.089	1656/22210	NC_016845.1 Klebsiella pneumoniae subsp. pneumoniae HS11286 chromosome, complete genome
kang_reads/ERR8609990_1.fastq.gz	kleb.fna	96.09	89.64	95.00-97.34	0.105	0.105	0.07-0.14	1	4.392	748/22210	NC_016845.1 Klebsiella pneumoniae subsp. pneumoniae HS11286 chromosome, complete genome
kang_reads/ERR8609946_1.fastq.gz	kleb.fna	96.09	90.17	94.96-97.10	0.088	0.088	0.06-0.13	1	18.419	897/22210	NC_016845.1 Klebsiella pneumoniae subsp. pneumoniae HS11286 chromosome, complete genome
kang_reads/ERR8610126_1.fastq.gz	kleb.fna	96.08	91.48	95.54-96.55	0.239	0.239	0.20-0.28	1	1.733	1404/22210	NC_016845.1 Klebsiella pneumoniae subsp. pneumoniae HS11286 chromosome, complete genome
kang_reads/ERR8609983_1.fastq.gz	kleb.fna	96.06	90.42	95.46-96.66	0.162	0.162	0.13-0.19	1	1.199	978/22210	NC_016845.1 Klebsiella pneumoniae subsp. pneumoniae HS11286 chromosome, complete genome
kang_reads/ERR8609842_1.fastq.gz	kleb.fna	96.00	90.34	95.33-96.61	0.161	0.161	0.13-0.20	1	1.157	953/22210	NC_016845.1 Klebsiella pneumoniae subsp. pneumoniae HS11286 chromosome, complete genome
kang_reads/ERR8609906_1.fastq.gz	kleb.fna	95.89	91.66	95.32-96.40	0.218	0.218	0.18-0.26	1	13.200	1492/22210	NC_016845.1 Klebsiella pneumoniae subsp. pneumoniae HS11286 chromosome, complete genome
kang_reads/ERR8609776_1.fastq.gz	kleb.fna	95.64	88.97	94.49-97.04	0.103	0.103	0.06-0.15	2	5.606	594/22210	NC_016845.1 Klebsiella pneumoniae subsp. pneumoniae HS11286 chromosome, complete genome
kang_reads/ERR8609996_1.fastq.gz	kleb.fna	95.34	95.34	NA-NA	8.770	HIGH	NA-NA	3	8.770	5053/22210	NC_016845.1 Klebsiella pneumoniae subsp. pneumoniae HS11286 chromosome, complete genome
kang_reads/ERR8610071_1.fastq.gz	kleb.fna	95.32	87.89	93.84-97.22	0.066	0.066	0.03-0.10	1	5.914	406/22210	NC_016845.1 Klebsiella pneumoniae subsp. pneumoniae HS11286 chromosome, complete genome
kang_reads/ERR8609938_1.fastq.gz	kleb.fna	95.27	90.26	94.70-95.87	0.200	0.200	0.16-0.24	1	1.795	927/22210	NC_016845.1 Klebsiella pneumoniae subsp. pneumoniae HS11286 chromosome, complete genome
kang_reads/ERR8609864_1.fastq.gz	kleb.fna	95.22	91.18	94.49-95.84	0.210	0.210	0.17-0.26	1	16.931	1267/22210	NC_016845.1 Klebsiella pneumoniae subsp. pneumoniae HS11286 chromosome, complete genome
kang_reads/ERR8609925_1.fastq.gz	kleb.fna	95.09	90.23	94.39-95.62	0.214	0.214	0.18-0.27	1	1.178	918/22210	NC_016845.1 Klebsiella pneumoniae subsp. pneumoniae HS11286 chromosome, complete genome
kang_reads/ERR8609807_1.fastq.gz	kleb.fna	99.35	99.35	NA-NA	30.995	HIGH	NA-NA	27	30.995	18142/22210	NC_016845.1 Klebsiella pneumoniae subsp. pneumoniae HS11286 chromosome, complete genome
