d__Bacteria;p__Proteobacteria;c__Alphaproteobacteria;o__Rickettsiales;f__Anaplasmataceae;g__Wolbachia;s__Wolbachia sp000376585	0.03373746876622266	1484007	68.20210841233767
d__Bacteria;p__Cyanobacteria;c__Cyanobacteriia;o__Synechococcales;f__Cyanobiaceae;g__Cyanobium;s__Cyanobium sp002252675	0.01888612928227777	3137012	18.06125951919639
d__Bacteria;p__Deinococcota;c__Deinococci;o__Deinococcales;f__Thermaceae;g__Thermus;s__Thermus caliditerrae	0.0007029953949395405	2315988	0.9106205147948181
d__Bacteria;p__Bacteroidota;c__Bacteroidia;o__Sphingobacteriales;f__Sphingobacteriaceae;g__Sphingobacterium;s__Sphingobacterium sp001952815	0.003253819465919999	6294929	1.5506860200901387
d__Bacteria;p__Actinobacteriota;c__Actinobacteria;o__Mycobacteriales;f__Mycobacteriaceae;g__Corynebacterium;s__Corynebacterium aurimucosum_E	0.0003650662514910589	2408591	0.45470515935382005
d__Bacteria;p__Actinobacteriota;c__Coriobacteriia;o__Coriobacteriales;f__Coriobacteriaceae;g__Collinsella;s__Collinsella sp003487125	0.0009919318072107556	2345733	1.268599376669155
d__Bacteria;p__Proteobacteria;c__Gammaproteobacteria;o__Enterobacterales;f__Enterobacteriaceae;g__Serratia;s__Serratia symbiotica	0.0008713209437968244	1657499	1.5770524334497174
d__Bacteria;p__Proteobacteria;c__Gammaproteobacteria;o__Pseudomonadales;f__HTCC2089;g__GCA-2697205;s__GCA-2697205 sp002697205	0.0006436807978837467	4236813	0.4557771121008267
d__Bacteria;p__Proteobacteria;c__Gammaproteobacteria;o__Enterobacterales;f__Vibrionaceae;g__Vibrio;s__Vibrio ponticus_A	0.001658509539457426	4559723	1.0911909820777004
d__Bacteria;p__Proteobacteria;c__Gammaproteobacteria;o__Burkholderiales;f__Burkholderiaceae;g__Ralstonia;s__Ralstonia pseudosolanacearum	0.0001730705803562483	5690309	0.09124491149228361
d__Bacteria;p__Actinobacteriota;c__Actinobacteria;o__Mycobacteriales;f__Mycobacteriaceae;g__Corynebacterium;s__Corynebacterium freneyi	0.0027613331312606394	2881812	2.874580088424199
d__Bacteria;p__Bacteroidota;c__Bacteroidia;o__Flavobacteriales;f__Flavobacteriaceae;g__MED-G14;s__MED-G14 sp002691165	0.002961000897996782	979612	9.067878602947234
d__Bacteria;p__Nitrospirota_A;c__Leptospirillia;o__Leptospirillales;f__Leptospirillaceae;g__Leptospirillum_A;s__Leptospirillum_A ferriphilum_A	0.0006330001293681947	999133	1.9006482501374535
d__Bacteria;p__Proteobacteria;c__Gammaproteobacteria;o__Xanthomonadales;f__Xanthomonadaceae;g__Stenotrophomonas;s__Stenotrophomonas sp003086795	0.0345287527813776	3534555	29.306732628048735
d__Bacteria;p__Proteobacteria;c__Gammaproteobacteria;o__Enterobacterales;f__Alteromonadaceae;g__Pseudoalteromonas;s__Pseudoalteromonas aliena	0.0009389505576196695	4493055	0.6269346074906735
d__Bacteria;p__Proteobacteria;c__Gammaproteobacteria;o__UBA11654;f__UBA11654;g__UBA11654;s__UBA11654 sp001629325	0.0027881771851043435	1435211	5.828084898536194
d__Bacteria;p__Proteobacteria;c__Gammaproteobacteria;o__Enterobacterales;f__Enterobacteriaceae;g__Serratia_B;s__Serratia_B rubidaea_A	0.0004115990040548973	5098052	0.24220957576829188
d__Bacteria;p__Firmicutes;c__Bacilli;o__RF39;f__CAG-611;g__CAG-451;s__CAG-451 sp000438295	6.92961416274694e-05	1049685	0.1980483905956627
d__Bacteria;p__Proteobacteria;c__Alphaproteobacteria;o__Rickettsiales;f__Rickettsiaceae;g__GCF-002259525;s__GCF-002259525 sp002259525	0.0004973506127878088	1332357	1.1198588954487623
d__Bacteria;p__Proteobacteria;c__Alphaproteobacteria;o__Rhodobacterales;f__Rhodobacteraceae;g__Pseudooceanicola_B;s__Pseudooceanicola_B sp002706905	0.00015512200346847187	4628000	0.10055445341517191
d__Bacteria;p__Proteobacteria;c__Gammaproteobacteria;o__Pseudomonadales;f__Halomonadaceae;g__Halomonas;s__Halomonas sulfidaeris	0.0019878371988668593	4480770	1.3309122308443813
d__Bacteria;p__Firmicutes;c__Bacilli;o__Lactobacillales;f__Aerococcaceae;g__Facklamia_A;s__Facklamia_A sp003521095	0.0011495999167759822	2262567	1.5242862422761168
d__Bacteria;p__Firmicutes_A;c__Clostridia;o__Oscillospirales;f__Oscillospiraceae;g__Oscillibacter;s__Oscillibacter sp001916835	0.00028454440282560725	3671022	0.23253285011008426
d__Bacteria;p__Actinobacteriota;c__Actinobacteria;o__Actinomycetales;f__Bifidobacteriaceae;g__Bifidobacterium;s__Bifidobacterium sp000499185	0.00011050620287937205	2089497	0.15865952841191738
d__Bacteria;p__Proteobacteria;c__Alphaproteobacteria;o__Rhizobiales;f__Rhizobiaceae;g__Mesorhizobium;s__Mesorhizobium sp000502875	0.009004519485575742	6654993	4.059141528282182
d__Bacteria;p__Actinobacteriota;c__Actinobacteria;o__Mycobacteriales;f__Micromonosporaceae;g__Micromonospora;s__Micromonospora sp002754655	0.0005730861997666648	7078060	0.2428996927547936
d__Bacteria;p__Proteobacteria;c__Gammaproteobacteria;o__Enterobacterales;f__Enterobacteriaceae;g__Arsenophonus;s__Arsenophonus sp000757905	0.0004395807479674411	1860497	0.7088118088351248
d__Bacteria;p__Firmicutes;c__Bacilli;o__Lactobacillales;f__Streptococcaceae;g__Streptococcus;s__Streptococcus parasanguinis_D	0.00022917139490872892	2133380	0.3222652245386133
d__Bacteria;p__Actinobacteriota;c__Coriobacteriia;o__Coriobacteriales;f__Coriobacteriaceae;g__Collinsella;s__Collinsella sp000763055	0.0015169521123362007	1718113	2.6487526355999877
d__Bacteria;p__Proteobacteria;c__Gammaproteobacteria;o__Pseudomonadales;f__Moraxellaceae;g__Acinetobacter;s__Acinetobacter soli	6.0911061180294e-05	2485581	0.07351729174823994
d__Bacteria;p__Firmicutes;c__Bacilli;o__Lactobacillales;f__Lactobacillaceae;g__Lactobacillus_K;s__Lactobacillus_K sp002762335	4.892764425649051e-05	1500957	0.09779289664492155
d__Bacteria;p__Proteobacteria;c__Alphaproteobacteria;o__Rhizobiales;f__Rhizobiaceae;g__Rhizobium;s__Rhizobium sp000799775	0.09451235372292288	6572777	43.13809234190794
d__Bacteria;p__Actinobacteriota;c__Actinobacteria;o__Mycobacteriales;f__Mycobacteriaceae;g__Corynebacterium;s__Corynebacterium sp001807205	0.012482726674551388	2683765	13.953598777707498
d__Bacteria;p__Proteobacteria;c__Alphaproteobacteria;o__Rhizobiales;f__Rhizobiaceae;g__Rhizobium;s__Rhizobium sp000746265	0.006323083465918192	6986622	2.7150818231979024
d__Bacteria;p__Firmicutes_C;c__Negativicutes;o__Veillonellales;f__Megasphaeraceae;g__Megasphaera;s__Megasphaera sp900066485	0.006100628160504242	2652760	6.899185935219442
d__Bacteria;p__Proteobacteria;c__Gammaproteobacteria;o__Pseudomonadales;f__Pseudomonadaceae;g__Pseudomonas_E;s__Pseudomonas_E fluorescens_AK	3.922641136980276e-05	6730360	0.017484835002794543
d__Bacteria;p__Proteobacteria;c__Gammaproteobacteria;o__Burkholderiales;f__Burkholderiaceae;g__Pandoraea;s__Pandoraea sp001721285	0.0006420103933204498	5852144	0.32911547972185057
d__Bacteria;p__Proteobacteria;c__Gammaproteobacteria;o__Burkholderiales;f__Nitrosomonadaceae;g__Nitrosomonas;s__Nitrosomonas sp000175095	0.003404453240090447	3064288	3.333028657969271
d__Bacteria;p__Proteobacteria;c__Gammaproteobacteria;o__Burkholderiales;f__Methylophilaceae;g__Methylovorus;s__Methylovorus glucosotrophus	0.0008322119000902881	2907593	0.8586606517043012
d__Bacteria;p__Firmicutes;c__Bacilli;o__Acholeplasmatales;f__Acholeplasmataceae;g__Phytoplasma;s__Phytoplasma sp001623385	0.001704763728547681	790517	6.469552439280929
d__Bacteria;p__Firmicutes_A;c__Clostridia;o__TANB77;f__CAG-508;g__CAG-269;s__CAG-269 sp003525075	0.0005182638740037119	1506032	1.032376219104996
d__Bacteria;p__Actinobacteriota;c__Actinobacteria;o__Mycobacteriales;f__Mycobacteriaceae;g__Mycolicibacterium;s__Mycolicibacterium sp001886515	2.3962457727708e-05	6165117	0.011660342079983883
d__Bacteria;p__Proteobacteria;c__Gammaproteobacteria;o__Enterobacterales;f__Enterobacteriaceae;g__Pluralibacter;s__Pluralibacter sp003208195	2.7568926596249044e-05	4713964	0.017545059696838398
d__Bacteria;p__Firmicutes_A;c__Clostridia;o__Tissierellales;f__Helcococcaceae;g__Anaerococcus;s__Anaerococcus prevotii_A	0.003968723457904482	1836452	6.483246158197136
d__Bacteria;p__Proteobacteria;c__Alphaproteobacteria;o__Rhizobiales;f__Xanthobacteraceae;g__Bradyrhizobium;s__Bradyrhizobium japonicum	0.010247631059953476	10580853	2.9055212448240635
d__Bacteria;p__Proteobacteria;c__Gammaproteobacteria;o__Pseudomonadales;f__Pseudomonadaceae;g__Pseudomonas_E;s__Pseudomonas_E sp002112885	0.0009606079544555356	6266308	0.4598918315803511
d__Bacteria;p__Bacteroidota;c__Bacteroidia;o__Flavobacteriales;f__Weeksellaceae;g__Apibacter;s__Apibacter sp002964915	0.0002939560559450571	2297680	0.38380808808675326
d__Bacteria;p__Firmicutes_A;c__Clostridia;o__Oscillospirales;f__Oscillospiraceae;g__Flavonifractor;s__Flavonifractor sp000508885	0.0015531657300719474	4393445	1.060556622471851
d__Bacteria;p__Proteobacteria;c__Gammaproteobacteria;o__Pseudomonadales;f__Pseudomonadaceae;g__Pseudomonas_E;s__Pseudomonas_E syringae_E	0.0004589632850702059	6486948	0.2122554173720242
d__Bacteria;p__Firmicutes_I;c__Bacilli_A;o__Paenibacillales;f__Paenibacillaceae;g__Paenibacillus;s__Paenibacillus silvae	0.0004533337205241441	6853520	0.1984383443212294
d__Bacteria;p__Actinobacteriota;c__Actinobacteria;o__Actinomycetales;f__Micrococcaceae;g__Pseudarthrobacter_A;s__Pseudarthrobacter_A sp002929755	0.00010437820772060239	4803563	0.06518799132265096
d__Bacteria;p__Proteobacteria;c__Alphaproteobacteria;o__Rhodobacterales;f__Rhodobacteraceae;g__Marivivens;s__Marivivens sp002850435	0.0009171782477600164	2840705	0.9686098145636557
d__Bacteria;p__Actinobacteriota;c__Actinobacteria;o__Streptomycetales;f__Streptomycetaceae;g__Streptomyces;s__Streptomyces filamentosus	0.00029787963121664533	7564582	0.1181346032933394
d__Bacteria;p__Bacteroidota;c__Bacteroidia;o__Bacteroidales;f__Muribaculaceae;g__Muribaculum;s__Muribaculum sp002492595	0.00023610870219852246	3430462	0.20648125721712332
d__Archaea;p__Halobacterota;c__Methanomicrobia;o__Methanomicrobiales;f__Methanocullaceae;g__Methanoculleus;s__Methanoculleus sp002501655	0.0010072639823520257	2384253	1.267395677831202
d__Bacteria;p__Actinobacteriota;c__Actinobacteria;o__Streptomycetales;f__Streptomycetaceae;g__Streptomyces;s__Streptomyces sp002797655	0.007012483042479432	6906479	3.046045478084896
d__Bacteria;p__Bacteroidota;c__Bacteroidia;o__Cytophagales;f__Cyclobacteriaceae;g__Persicobacter;s__Persicobacter sp001308105	3.298830274003013e-05	3874627	0.025541789756817982
d__Bacteria;p__Firmicutes;c__Bacilli;o__Lactobacillales;f__Streptococcaceae;g__Streptococcus;s__Streptococcus sp000448565	0.00035282622190036986	2203102	0.48044923280951574
d__Bacteria;p__Proteobacteria;c__Gammaproteobacteria;o__Pseudomonadales;f__Halieaceae;g__Luminiphilus;s__Luminiphilus sp002703585	0.0013129375390389568	2434620	1.6178346588448589
d__Bacteria;p__Actinobacteriota;c__Actinobacteria;o__Actinomycetales;f__Micrococcaceae;g__Kocuria;s__Kocuria salsicia	0.0011773633475212694	3055793	1.1558669198351486
d__Bacteria;p__Actinobacteriota;c__Actinobacteria;o__Actinomycetales;f__Microbacteriaceae;g__Frigoribacterium;s__Frigoribacterium sp001423665	0.0033522996317465175	3324001	3.025540273676077
d__Bacteria;p__Actinobacteriota;c__Actinobacteria;o__Actinomycetales;f__Bifidobacteriaceae;g__Bifidobacterium;s__Bifidobacterium lacrimalis	0.0016862824398223282	1514270	3.340782898338463
d__Bacteria;p__Actinobacteriota;c__Actinobacteria;o__Streptomycetales;f__Streptomycetaceae;g__Streptomyces;s__Streptomyces castelarensis	0.0010325550092329257	11174199	0.27721584586946924
d__Bacteria;p__Firmicutes;c__Bacilli;o__Lactobacillales;f__Streptococcaceae;g__Streptococcus;s__Streptococcus suis_V	0.00018523576802163016	2188565	0.25391400486843685
d__Bacteria;p__Firmicutes;c__Bacilli;o__Lactobacillales;f__Streptococcaceae;g__Streptococcus;s__Streptococcus mitis_S	0.0009350752002878593	1963039	1.4290218385185307
d__Bacteria;p__Proteobacteria;c__Gammaproteobacteria;o__Burkholderiales;f__Burkholderiaceae;g__Advenella;s__Advenella sp001513225	0.00035551988613055283	3097412	0.3443389702085672
d__Bacteria;p__Proteobacteria;c__Gammaproteobacteria;o__Burkholderiales;f__Burkholderiaceae;g__Massilia_B;s__Massilia_B sp001485665	0.00019627406424809393	7432405	0.07922364197649104
d__Bacteria;p__Proteobacteria;c__Alphaproteobacteria;o__Caulobacterales;f__Caulobacteraceae;g__Caulobacter;s__Caulobacter sp003094595	0.004805016396107776	5570445	2.587773362509338
d__Bacteria;p__Proteobacteria;c__Gammaproteobacteria;o__Piscirickettsiales;f__Piscirickettsiaceae;g__Piscirickettsia;s__Piscirickettsia salmonis	0.00022046287589513514	3029115	0.21834384884212235
d__Bacteria;p__Firmicutes_C;c__Negativicutes;o__Selenomonadales;f__Selenomonadaceae;g__Centipeda;s__Centipeda sp001189555	0.0021208172598611063	2403152	2.647544466427142
d__Bacteria;p__Bacteroidota;c__Bacteroidia;o__Flavobacteriales;f__Flavobacteriaceae;g__Gillisia;s__Gillisia sp000424645	0.001227729641619584	3727884	0.9880106046375777
d__Bacteria;p__Cyanobacteria;c__Cyanobacteriia;o__Synechococcales;f__Cyanobiaceae;g__Vulcanococcus;s__Vulcanococcus sp000179255	0.0006580315672711757	2410448	0.8189741914422244
d__Bacteria;p__SAR324;c__SAR324;o__SAR324;f__NAC60-12;g__Arctic96AD-7;s__Arctic96AD-7 sp002716165	0.008133534067744546	1863957	13.09075381204268
d__Bacteria;p__Fusobacteriota;c__Fusobacteriia;o__Fusobacteriales;f__Fusobacteriaceae;g__Fusobacterium;s__Fusobacterium periodonticum_C	0.005250760167046189	2413057	6.527935519607936
d__Bacteria;p__Campylobacterota;c__Campylobacteria;o__Campylobacterales;f__Campylobacteraceae;g__Campylobacter_A;s__Campylobacter_A concisus_B	0.0019311092041891533	1971591	2.938402342355722
d__Bacteria;p__Proteobacteria;c__Gammaproteobacteria;o__Enterobacterales;f__Shewanellaceae;g__Shewanella;s__Shewanella xiamenensis	8.198521805740261e-05	4600673	0.05346079892489813
d__Bacteria;p__Actinobacteriota;c__Actinobacteria;o__Mycobacteriales;f__Mycobacteriaceae;g__Rhodococcus;s__Rhodococcus sp001984015	3.699002800251263e-05	5365841	0.020680837171197935
d__Bacteria;p__Bacteroidota;c__Bacteroidia;o__Flavobacteriales;f__Flavobacteriaceae;g__Flavobacterium;s__Flavobacterium sp002399805	1.4216298024735237e-05	5603394	0.007611260974010699
d__Bacteria;p__Proteobacteria;c__Gammaproteobacteria;o__Enterobacterales;f__Shewanellaceae;g__Shewanella;s__Shewanella sp000014665	0.00010513899243279085	4706287	0.06702034476400877
d__Bacteria;p__Bacteroidota;c__Bacteroidia;o__Bacteroidales;f__Bacteroidaceae;g__Bacteroides_A;s__Bacteroides_A sp900066445	0.0003006953710635475	3766773	0.23948512777134232
d__Bacteria;p__Bacteroidota;c__Bacteroidia;o__Flavobacteriales;f__Flavobacteriaceae;g__Flavobacterium;s__Flavobacterium sp002714575	5.725771245141348e-05	3224755	0.05326703496986296
d__Bacteria;p__Bacteroidota;c__Bacteroidia;o__Bacteroidales;f__Bacteroidaceae;g__Alloprevotella;s__Alloprevotella rava	0.00021996386341778784	2557292	0.2580431136739033
d__Bacteria;p__Proteobacteria;c__Gammaproteobacteria;o__Xanthomonadales;f__Rhodanobacteraceae;g__Luteibacter;s__Luteibacter sp900119235	0.00020821921777502	4299254	0.14529442859739386
d__Bacteria;p__Proteobacteria;c__Alphaproteobacteria;o__Rhizobiales;f__Rhizobiaceae;g__Allorhizobium;s__Allorhizobium sp001724035	0.04518914687542305	5141700	26.366268087649836
d__Bacteria;p__Firmicutes_I;c__Bacilli_A;o__Paenibacillales;f__Paenibacillaceae;g__Paenibacillus;s__Paenibacillus sp000758565	0.0015554347949528016	8459535	0.5516029409250514
d__Bacteria;p__Proteobacteria;c__Gammaproteobacteria;o__Burkholderiales;f__Neisseriaceae;g__Neisseria;s__Neisseria subflava_B	0.003523996014793644	2265569	4.666372131848966
d__Bacteria;p__Bipolaricaulota;c__Bipolaricaulia;o__Bipolaricaulales;f__Bipolaricaulaceae;g__Bipolaricaulis;s__Bipolaricaulis sp002479455	0.0008358637792458962	1708781	1.4674737943233733
d__Bacteria;p__Proteobacteria;c__Gammaproteobacteria;o__Enterobacterales;f__Enterobacteriaceae;g__Gilliamella;s__Gilliamella apicola_F	0.0003673750158005716	1723984	0.6392896032687745
d__Bacteria;p__Proteobacteria;c__Gammaproteobacteria;o__Pseudomonadales;f__Pseudomonadaceae;g__Pseudomonas_A;s__Pseudomonas_A stutzeri_AI	0.003528157456475698	5066586	2.0890738594839
d__Bacteria;p__Firmicutes_A;c__Clostridia;o__Oscillospirales;f__Ruminococcaceae;g__Ruthenibacterium;s__Ruthenibacterium sp003149955	2.5924638059868126e-05	2766381	0.02811395616858429
d__Bacteria;p__Proteobacteria;c__Gammaproteobacteria;o__Enterobacterales;f__Shewanellaceae;g__Shewanella;s__Shewanella sp000832025	6.792056124235173e-05	4412182	0.04618161347991882
d__Bacteria;p__Proteobacteria;c__Gammaproteobacteria;o__Burkholderiales;f__Burkholderiaceae;g__Paraburkholderia;s__Paraburkholderia sp000745015	0.005320624225995425	8275669	1.9287712785499609
d__Bacteria;p__Firmicutes;c__Bacilli;o__Erysipelotrichales;f__Erysipelatoclostridiaceae;g__Catenibacterium;s__Catenibacterium sp000437715	0.000719251123252304	2540390	0.8493787842641927
d__Bacteria;p__Firmicutes;c__Bacilli;o__Lactobacillales;f__Streptococcaceae;g__Streptococcus;s__Streptococcus suis_N	0.0011274056974980202	2307245	1.465911549269393
d__Bacteria;p__Proteobacteria;c__Gammaproteobacteria;o__Enterobacterales;f__Alteromonadaceae;g__Pararheinheimera;s__Pararheinheimera sp001275035	0.022906487938368986	4078483	16.84927062711968
d__Bacteria;p__Proteobacteria;c__Gammaproteobacteria;o__Pseudomonadales;f__Pseudomonadaceae;g__Pseudomonas_E;s__Pseudomonas_E sp002754355	0.001121703962563322	6476103	0.519619883700115
d__Bacteria;p__Proteobacteria;c__Gammaproteobacteria;o__Pseudomonadales;f__Moraxellaceae;g__Acinetobacter;s__Acinetobacter lwoffii	0.002678404137694188	3291305	2.441345427750562
d__Bacteria;p__Proteobacteria;c__Alphaproteobacteria;o__HIMB59;f__HIMB59;g__HIMB59;s__HIMB59 sp002690585	0.0003521567508949166	1195296	0.8838565950900446
d__Bacteria;p__Firmicutes_A;c__Clostridia;o__Peptostreptococcales;f__Anaerovoracaceae;g__Eubacterium_A;s__Eubacterium_A sp002427305	0.002516245636477093	2286758	3.3010650490481632
d__Bacteria;p__Firmicutes_A;c__Clostridia;o__Lachnospirales;f__Lachnospiraceae;g__Faecalicatena;s__Faecalicatena sp000364245	0.0004737235014721992	6521014	0.21793704237049602
d__Bacteria;p__Actinobacteriota;c__Actinobacteria;o__Mycobacteriales;f__Mycobacteriaceae;g__Rhodococcus;s__Rhodococcus sp002259335	0.003966251964541305	5894616	2.0185803271364775
d__Bacteria;p__Verrucomicrobiota;c__Verrucomicrobiae;o__Opitutales;f__Opitutaceae;g__UBA5691;s__UBA5691 sp002420265	0.000264295298450315	4086264	0.19403687460011027
d__Bacteria;p__Firmicutes_A;c__Clostridia;o__Peptostreptococcales;f__Peptostreptococcaceae;g__Clostridioides;s__Clostridioides sp002390935	0.0056685818256227635	2866063	5.93348627607568
d__Bacteria;p__Actinobacteriota;c__Actinobacteria;o__Propionibacteriales;f__Propionibacteriaceae;g__Tessaracoccus;s__Tessaracoccus sp001956895	0.008678055851771846	3035218	8.577363324583454
d__Bacteria;p__Firmicutes;c__Bacilli;o__Bacillales;f__Anoxybacillaceae;g__Anoxybacillus;s__Anoxybacillus suryakundensis	0.0003663362592501843	2727467	0.40294118233164794
d__Bacteria;p__Proteobacteria;c__Alphaproteobacteria;o__Rhizobiales;f__Rhizobiaceae;g__Allorhizobium;s__Allorhizobium vitis_A	0.0057758931900610145	6019528	2.8785777838699382
d__Bacteria;p__Verrucomicrobiota;c__Verrucomicrobiae;o__Pedosphaerales;f__UBA1100;g__UBA1100;s__UBA1100 sp002710335	0.0021497680391830806	1714960	3.760614893378995
d__Bacteria;p__Firmicutes_B;c__Peptococcia;o__DRI-13;f__DRI-13;g__DRI-13;s__DRI-13 sp000746025	3.3643572166804756e-05	2715011	0.0371750672466573
d__Bacteria;p__Firmicutes_I;c__Bacilli_A;o__Paenibacillales;f__Paenibacillaceae;g__Paenibacillus;s__Paenibacillus sp001909095	0.009953086860691943	7118381	4.194670190044032
d__Bacteria;p__Proteobacteria;c__Gammaproteobacteria;o__Pseudomonadales;f__Pseudomonadaceae;g__Pseudomonas_E;s__Pseudomonas_E sp002269425	0.006056840851222775	6594873	2.7552498059732655
d__Bacteria;p__Firmicutes;c__Bacilli;o__Mycoplasmatales;f__Metamycoplasmataceae;g__Mesomycoplasma;s__Mesomycoplasma ovipneumoniae_A	9.529460585789377e-05	1081404	0.26436356585853327
d__Bacteria;p__Firmicutes;c__Bacilli;o__Bacillales_A;f__Planococcaceae;g__Lysinibacillus;s__Lysinibacillus fusiformis_C	0.0005587662180513717	4574203	0.3664679189257921
d__Archaea;p__Nanoarchaeota;c__Nanoarchaeia;o__Parvarchaeales;f__Parvarchaeaceae;g__Parvarchaeum;s__Parvarchaeum acidiphilum	0.00016459447759424633	955595	0.5167287739918469
d__Bacteria;p__Myxococcota;c__Myxococcia;o__Myxococcales;f__Myxococcaceae;g__Myxococcus;s__Myxococcus xanthus	0.00014019044265467986	9075265	0.046342594730185795
d__Bacteria;p__Bacteroidota;c__Bacteroidia;o__Flavobacteriales;f__Weeksellaceae;g__Chryseobacterium;s__Chryseobacterium sp003182335	0.00035580491259640473	4813464	0.2217560446674607
d__Bacteria;p__Actinobacteriota;c__Actinobacteria;o__Actinomycetales;f__Actinomycetaceae;g__Pauljensenia;s__Pauljensenia cardiffensis	0.0005713723741904159	2240847	0.764941614742661
d__Bacteria;p__Proteobacteria;c__Gammaproteobacteria;o__Burkholderiales;f__Burkholderiaceae;g__Janthinobacterium;s__Janthinobacterium svalbardensis	0.0028704154272636154	6314370	1.3637538316238749
d__Bacteria;p__Firmicutes;c__Bacilli;o__Mycoplasmatales;f__Metamycoplasmataceae;g__Mycoplasmopsis_A;s__Mycoplasmopsis_A gallinaceum	0.00039219903256888425	1183913	0.9938205744059342
d__Bacteria;p__Actinobacteriota;c__Actinobacteria;o__Actinomycetales;f__Actinomycetaceae;g__Actinomyces;s__Actinomyces johnsonii	0.0016951758653778182	3348294	1.5188414148021214
d__Bacteria;p__Proteobacteria;c__Alphaproteobacteria;o__Pelagibacterales;f__Pelagibacteraceae;g__Fonsibacter;s__Fonsibacter ubiquis	0.018645966038568235	920163	60.79129253806631
d__Bacteria;p__Proteobacteria;c__Gammaproteobacteria;o__Pseudomonadales;f__Moraxellaceae;g__Psychrobacter;s__Psychrobacter sp003530515	0.004146450073401252	3489995	3.564288837148408
d__Bacteria;p__Firmicutes;c__Bacilli;o__Bacillales;f__Bacillaceae_G;g__Bacillus_A;s__Bacillus_A cereus_Q	0.02419693548700616	5453107	13.311825067987568
d__Bacteria;p__Actinobacteriota;c__Actinobacteria;o__Mycobacteriales;f__Micromonosporaceae;g__Micromonospora;s__Micromonospora sp003013775	0.0005059766934605704	6976653	0.21757282186482704
d__Bacteria;p__Proteobacteria;c__Gammaproteobacteria;o__Enterobacterales;f__Shewanellaceae;g__Shewanella;s__Shewanella bicestrii	0.0009438393768175702	4662612	0.6072815259885898
d__Bacteria;p__Proteobacteria;c__Gammaproteobacteria;o__Enterobacterales;f__Pasteurellaceae;g__Haemophilus;s__Haemophilus influenzae	0.0020259999049033806	1902536	3.194683156960048
d__Bacteria;p__Actinobacteriota;c__Actinobacteria;o__Streptomycetales;f__Streptomycetaceae;g__Streptomyces;s__Streptomyces viridosporus	0.006076777344426212	8097217	2.251431823215141
d__Bacteria;p__Actinobacteriota;c__Actinobacteria;o__Mycobacteriales;f__Mycobacteriaceae;g__Mycolicibacterium;s__Mycolicibacterium sp001695755	0.007927107718413913	6328149	3.758021999046125
d__Bacteria;p__Actinobacteriota;c__Actinobacteria;o__Mycobacteriales;f__Mycobacteriaceae;g__Corynebacterium;s__Corynebacterium ureicelerivorans	0.004629352606152092	2185664	6.35415956819359
d__Bacteria;p__Proteobacteria;c__Gammaproteobacteria;o__Pseudomonadales;f__Moraxellaceae;g__Psychrobacter;s__Psychrobacter sp000213615	0.001300267902570683	3395670	1.1487581854868256
d__Bacteria;p__Proteobacteria;c__Gammaproteobacteria;o__Enterobacterales;f__Alteromonadaceae;g__Pseudoalteromonas;s__Pseudoalteromonas shioyasakiensis	0.0016751259384954885	4919064	1.0216126107500259
d__Bacteria;p__Proteobacteria;c__Gammaproteobacteria;o__Pseudomonadales;f__Moraxellaceae;g__Acinetobacter;s__Acinetobacter sp002367455	0.004156821566606185	3212883	3.881393969160581
d__Bacteria;p__Bacteroidota;c__Bacteroidia;o__Bacteroidales;f__Tannerellaceae;g__Parabacteroides;s__Parabacteroides sp000436495	0.006651005093091652	4308683	4.630884954700765
d__Archaea;p__Euryarchaeota;c__Thermococci;o__Thermococcales;f__Thermococcaceae;g__Thermococcus_A;s__Thermococcus_A sp000430485	0.00012167622652180964	2077832	0.17567766766775608
d__Bacteria;p__Firmicutes_A;c__Clostridia;o__Lachnospirales;f__Lachnospiraceae;g__Eisenbergiella;s__Eisenbergiella sp900066775	0.02191067043110158	3523548	18.655063388750413
d__Bacteria;p__Firmicutes_A;c__Clostridia;o__Peptostreptococcales;f__Peptostreptococcaceae;g__Terrisporobacter;s__Terrisporobacter glycolicus_A	0.0004485584601849797	4051053	0.33217915948148274
d__Bacteria;p__Proteobacteria;c__Alphaproteobacteria;o__Rhodobacterales;f__Rhodobacteraceae;g__Paracoccus;s__Paracoccus sp001724535	2.311985736928267e-05	3958688	0.017520848348707454
d__Bacteria;p__Proteobacteria;c__Gammaproteobacteria;o__Enterobacterales;f__Vibrionaceae;g__Vibrio;s__Vibrio sp000755365	0.0012785090724926535	4799333	0.7991792229207602
d__Bacteria;p__Bacteroidota;c__Bacteroidia;o__Flavobacteriales;f__Weeksellaceae;g__Empedobacter;s__Empedobacter falsenii	0.0001614651965496507	3759256	0.12885411093284208
d__Bacteria;p__Proteobacteria;c__Gammaproteobacteria;o__Burkholderiales;f__Neisseriaceae;g__Eikenella;s__Eikenella sp001648435	0.00015174913042309793	1993063	0.22841595637934867
d__Bacteria;p__Actinobacteriota;c__Coriobacteriia;o__Coriobacteriales;f__Coriobacteriaceae;g__Collinsella;s__Collinsella sp000434535	0.0015964658930231394	1425761	3.359186903744329
d__Bacteria;p__Proteobacteria;c__Gammaproteobacteria;o__Pseudomonadales;f__Moraxellaceae;g__Moraxella_A;s__Moraxella_A aerosaccus	0.00030540154395079013	2796952	0.3275725260399071
d__Bacteria;p__Verrucomicrobiota;c__Verrucomicrobiae;o__Opitutales;f__CAG-312;g__CAG-312;s__CAG-312 sp002405555	0.001746607398893268	2218136	2.362263719032469
d__Bacteria;p__Proteobacteria;c__Gammaproteobacteria;o__Burkholderiales;f__Neisseriaceae;g__Neisseria;s__Neisseria cinerea	0.003474652995823572	1832904	5.687127633237047
d__Archaea;p__Thermoplasmatota;c__Thermoplasmata;o__Thermoplasmatales;f__Thermoplasmataceae;g__Ferroplasma;s__Ferroplasma acidiphilum	0.0026631898643079185	1681189	4.752332779314971
d__Bacteria;p__Proteobacteria;c__Gammaproteobacteria;o__Pseudomonadales;f__Moraxellaceae;g__Acinetobacter;s__Acinetobacter lwoffii	0.00030061460519920205	3353864	0.26889695455677576
d__Bacteria;p__Proteobacteria;c__Gammaproteobacteria;o__Pseudomonadales;f__Pseudomonadaceae;g__Azotobacter;s__Azotobacter chroococcum	0.0033343392157061578	4859997	2.058235354284884
d__Bacteria;p__Actinobacteriota;c__Coriobacteriia;o__Coriobacteriales;f__Coriobacteriaceae;g__Collinsella;s__Collinsella sp002391315	0.0002423275512791674	2079125	0.34965798296759554
d__Bacteria;p__Actinobacteriota;c__Actinobacteria;o__Mycobacteriales;f__Mycobacteriaceae;g__Mycolicibacterium;s__Mycolicibacterium elephantis	0.0002711727323757927	5469939	0.14872527776404418
d__Bacteria;p__Actinobacteriota;c__Actinobacteria;o__Frankiales;f__Frankiaceae;g__Frankia;s__Frankia sp001306465	0.0015008061900139967	9537992	0.4720509904015426
d__Bacteria;p__Cyanobacteria;c__Cyanobacteriia;o__Synechococcales;f__Cyanobiaceae;g__Synechococcus_C;s__Synechococcus_C sp001631935	0.03184303714829421	3314220	28.82401030857415
d__Bacteria;p__Bacteroidota;c__Bacteroidia;o__Flavobacteriales;f__Weeksellaceae;g__Empedobacter;s__Empedobacter falsenii	3.237774485312128e-05	3109962	0.031232932929522558
d__Bacteria;p__Firmicutes_A;c__Clostridia;o__Tissierellales;f__Helcococcaceae;g__Anaerococcus;s__Anaerococcus obesiensis	0.0001479845241757132	1989947	0.2230981893121473
d__Bacteria;p__Proteobacteria;c__Alphaproteobacteria;o__Sphingomonadales;f__Sphingomonadaceae;g__Novosphingobium;s__Novosphingobium barchaimii_A	0.00913485070720398	3610184	7.590901771658158
d__Bacteria;p__Proteobacteria;c__Gammaproteobacteria;o__Pseudomonadales;f__Moraxellaceae;g__Psychrobacter;s__Psychrobacter sp002352555	0.00011066190875332219	3176096	0.10452635130045394
d__Bacteria;p__Proteobacteria;c__Gammaproteobacteria;o__Pseudomonadales;f__Pseudomonadaceae;g__Pseudomonas_A;s__Pseudomonas_A sp000765155	0.00048402493994047447	4006942	0.36238977749651063
d__Bacteria;p__Bacteroidota;c__Bacteroidia;o__Flavobacteriales;f__UBA10066;g__GCA-002727735;s__GCA-002727735 sp002694645	0.0001443640384310808	1699717	0.25480248493910596
d__Bacteria;p__Actinobacteriota;c__Actinobacteria;o__Streptomycetales;f__Streptomycetaceae;g__Streptomyces;s__Streptomyces sp000500635	0.00034419059226064154	7933885	0.13014705617511782
d__Bacteria;p__Actinobacteriota;c__Actinobacteria;o__Mycobacteriales;f__Mycobacteriaceae;g__Nocardia;s__Nocardia coubleae	0.0001392926945889408	6405167	0.06524077885351348
d__Bacteria;p__Firmicutes;c__Bacilli;o__Lactobacillales;f__Lactobacillaceae;g__Lactobacillus;s__Lactobacillus johnsonii	0.0012775865448529913	1683955	2.2760463519268472
d__Bacteria;p__Cyanobacteria;c__Cyanobacteriia;o__Cyanobacteriales;f__Nostocaceae;g__Raphidiopsis;s__Raphidiopsis curvata	0.003540617952405221	4057210	2.6180192440656667
d__Bacteria;p__Firmicutes_A;c__Thermoanaerobacteria;o__Thermoanaerobacterales;f__Thermoanaerobacteraceae;g__Thermoanaerobacter;s__Thermoanaerobacter ethanolicus	0.012340812452493726	2224868	16.64028488767926
d__Bacteria;p__Firmicutes_A;c__Clostridia;o__Christensenellales;f__GCA-900066905;g__GCA-900066905;s__GCA-900066905 sp900066905	0.000661952322740291	2655978	0.7476933047716785
d__Bacteria;p__Proteobacteria;c__Gammaproteobacteria;o__Cardiobacteriales;f__Cardiobacteriaceae;g__Cardiobacterium;s__Cardiobacterium valvarum	0.0003505987832168634	2755518	0.3817054904560922
d__Bacteria;p__Proteobacteria;c__Gammaproteobacteria;o__Enterobacterales;f__Vibrionaceae;g__Vibrio;s__Vibrio maritimus_B	0.00020722138931023856	5935729	0.10473257251648714
d__Bacteria;p__Proteobacteria;c__Alphaproteobacteria;o__HIMB59;f__HIMB59;g__HIMB59;s__HIMB59 sp002690585	0.003029943379720701	1221772	7.439874329385599
d__Bacteria;p__Actinobacteriota;c__Actinobacteria;o__Actinomycetales;f__Bifidobacteriaceae;g__Bifidobacterium;s__Bifidobacterium vaginale_G	0.00013114071665501072	1563545	0.25162189125674805
d__Bacteria;p__Actinobacteriota;c__Actinobacteria;o__Streptomycetales;f__Streptomycetaceae;g__Streptomyces;s__Streptomyces violaceusniger	0.00015836135266286195	10915148	0.04352520533744351
d__Bacteria;p__Firmicutes;c__Bacilli;o__Bacillales_A;f__Planococcaceae;g__Paenisporosarcina_A;s__Paenisporosarcina_A sp000297555	0.002888945137033028	3972524	2.181694915146915
d__Bacteria;p__Bacteroidota;c__Bacteroidia;o__Sphingobacteriales;f__Sphingobacteriaceae;g__Sphingobacterium;s__Sphingobacterium sp002734235	0.00023585648574710186	4732363	0.149517156067974
d__Bacteria;p__Proteobacteria;c__Gammaproteobacteria;o__Burkholderiales;f__Burkholderiaceae;g__Cupriavidus;s__Cupriavidus sp002011925	0.02763434110553319	9195524	9.015584464419815
d__Bacteria;p__Proteobacteria;c__Gammaproteobacteria;o__Burkholderiales;f__Burkholderiaceae;g__Burkholderia;s__Burkholderia sp001524645	0.004115349161060287	7077396	1.7444336141683836
d__Bacteria;p__Proteobacteria;c__Gammaproteobacteria;o__Enterobacterales;f__Enterobacteriaceae;g__Klebsiella;s__Klebsiella quasivariicola	0.0009621592716113946	5443802	0.5302319619328887
d__Bacteria;p__Proteobacteria;c__Alphaproteobacteria;o__Rhizobiales;f__Rhizobiaceae;g__Ochrobactrum;s__Ochrobactrum anthropi_A	0.0004719066978338741	5203002	0.2720967805704519
d__Bacteria;p__Firmicutes;c__Bacilli;o__RF39;f__CAG-433;g__CAG-433;s__CAG-433 sp000433675	0.002947297201063902	1334671	6.624772399483997
d__Bacteria;p__Proteobacteria;c__Gammaproteobacteria;o__Burkholderiales;f__Burkholderiaceae;g__Achromobacter;s__Achromobacter insuavis	0.01389809068537178	6987272	5.96717460778904
d__Bacteria;p__Proteobacteria;c__Gammaproteobacteria;o__Enterobacterales;f__Enterobacteriaceae;g__Raoultella;s__Raoultella planticola	0.0009881469482856302	3536837	0.8381615677671578
d__Bacteria;p__Proteobacteria;c__Gammaproteobacteria;o__Pseudomonadales;f__Moraxellaceae;g__Psychrobacter;s__Psychrobacter sp002454875	0.0002810286260627141	2576261	0.3272517334960015
d__Bacteria;p__Firmicutes_C;c__Negativicutes;o__Selenomonadales;f__Selenomonadaceae;g__Centipeda;s__Centipeda sp000318175	0.0001944735203426508	2351879	0.24806572150521025
d__Bacteria;p__Desulfobacterota_A;c__Desulfovibrionia;o__Desulfovibrionales;f__Desulfovibrionaceae;g__Desulfovibrio_A;s__Desulfovibrio_A vulgaris_A	0.001768461716984588	4120465	1.2875695221179562
d__Bacteria;p__Firmicutes_A;c__Clostridia;o__Lachnospirales;f__Lachnospiraceae;g__Blautia_A;s__Blautia_A sp000433815	0.001331879532908913	4093107	0.9761871846318063
d__Bacteria;p__Proteobacteria;c__Gammaproteobacteria;o__Pseudomonadales;f__Pseudomonadaceae;g__Pseudomonas_E;s__Pseudomonas_E hunanensis	0.00042131263480791285	6437493	0.19634008214435938
d__Bacteria;p__Proteobacteria;c__Gammaproteobacteria;o__Xanthomonadales;f__Xanthomonadaceae;g__Stenotrophomonas;s__Stenotrophomonas maltophilia_A	0.014849104377430474	4564481	9.759557139637874
d__Bacteria;p__Actinobacteriota;c__Actinobacteria;o__Actinomycetales;f__Dermabacteraceae;g__Brachybacterium;s__Brachybacterium paraconglomeratum	0.0005307221348919398	3783832	0.42078147356326057
d__Bacteria;p__Firmicutes;c__Bacilli;o__Mycoplasmatales;f__Metamycoplasmataceae;g__Mycoplasmopsis;s__Mycoplasmopsis bovigenitalium	0.000600527712188716	841512	2.140888230430639
d__Bacteria;p__Actinobacteriota;c__Actinobacteria;o__Streptomycetales;f__Streptomycetaceae;g__Streptomyces;s__Streptomyces sp002754675	8.739465689008684e-05	8077585	0.03245821253137671
d__Bacteria;p__Firmicutes;c__Bacilli;o__Lactobacillales;f__Streptococcaceae;g__Streptococcus;s__Streptococcus mitis_AG	0.020708423035505394	1902053	32.662217670336304
d__Bacteria;p__Proteobacteria;c__Gammaproteobacteria;o__Pseudomonadales;f__Pseudomonadaceae;g__ESL0073;s__ESL0073 sp003151175	0.0006177871676493938	3337477	0.5553181349109466
d__Bacteria;p__Proteobacteria;c__Gammaproteobacteria;o__Pseudomonadales;f__Moraxellaceae;g__Acinetobacter;s__Acinetobacter sp002135195	0.0010750678970267468	3272660	0.9854991630906481
d__Bacteria;p__Bacteroidota;c__Bacteroidia;o__Bacteroidales;f__Bacteroidaceae;g__Bacteroides;s__Bacteroides timonensis	0.001148131568578109	6935738	0.4966154583310856
d__Bacteria;p__Proteobacteria;c__Alphaproteobacteria;o__Rhizobiales;f__Rhizobiaceae;g__Rhizobium;s__Rhizobium phaseoli	0.007382733861314168	6652103	3.329503704909937
d__Bacteria;p__Proteobacteria;c__Gammaproteobacteria;o__Xanthomonadales;f__Xanthomonadaceae;g__Stenotrophomonas;s__Stenotrophomonas sp002836635	0.011869300360179415	3928648	9.063652707124243
d__Bacteria;p__Proteobacteria;c__Gammaproteobacteria;o__Pseudomonadales;f__Pseudomonadaceae;g__Pseudomonas_E;s__Pseudomonas_E sp003053605	0.006503004726727909	6589890	2.960446104591082
d__Bacteria;p__Firmicutes_I;c__Bacilli_A;o__Paenibacillales;f__Paenibacillaceae;g__Paenibacillus;s__Paenibacillus sp001447315	5.2351407408036385e-05	5617999	0.02795554470979955
d__Bacteria;p__Firmicutes;c__Bacilli;o__Lactobacillales;f__Lactobacillaceae;g__Leuconostoc;s__Leuconostoc lactis_B	0.00018510436055307279	1648881	0.3367817821050873
d__Bacteria;p__Proteobacteria;c__Alphaproteobacteria;o__Rhodobacterales;f__Rhodobacteraceae;g__GCA-002705045;s__GCA-002705045 sp002704385	0.006095905152603254	1852010	9.874523062947695
d__Bacteria;p__Proteobacteria;c__Gammaproteobacteria;o__Pseudomonadales;f__Pseudomonadaceae;g__Pseudomonas_E;s__Pseudomonas_E sp000316175	0.007310558581845797	6684644	3.2809040758995383
d__Bacteria;p__Campylobacterota;c__Campylobacteria;o__Campylobacterales;f__Sulfurimonadaceae;g__Sulfurimonas;s__Sulfurimonas sp001829715	0.21897239749838093	1763441	372.52008572736077
d__Bacteria;p__Bacteroidota;c__Bacteroidia;o__Flavobacteriales;f__Flavobacteriaceae;g__Winogradskyella;s__Winogradskyella sp002682935	0.0010505901435274155	3499064	0.9007467227184889
d__Bacteria;p__Proteobacteria;c__Gammaproteobacteria;o__Burkholderiales;f__Burkholderiaceae;g__Herbaspirillum;s__Herbaspirillum huttiense	0.0016443165297560986	5691775	0.8666803570535195
d__Bacteria;p__Proteobacteria;c__Gammaproteobacteria;o__Enterobacterales;f__Enterobacteriaceae;g__Citrobacter;s__Citrobacter pasteurii	7.054665537312797e-05	4819610	0.04391225973043129
