Sample_file	Genome_file	Taxonomic_abundance	Sequence_abundance	Adjusted_ANI	Eff_cov	ANI_5-95_percentile	Eff_lambda	Lambda_5-95_percentile	Median_cov	Mean_cov_geq1	Containment_ind	Naive_ANI	Contig_name
meslier_reads/illumina_subsamp_1.fq	release89/bacteria/RS_GCF_000018945.1_genomic.fna.gz	11.2985	8.2779	99.81	31.000	NA-NA	HIGH	NA-NA	31	31.275	7578/8045	99.81	NC_011978.1 Thermotoga neapolitana DSM 4359, complete genome
meslier_reads/illumina_subsamp_1.fq	release89/bacteria/RS_GCF_000016785.1_genomic.fna.gz	8.7472	6.2011	100.00	24.000	NA-NA	HIGH	NA-NA	24	24.920	7806/7808	100.00	NC_009486.1 Thermotoga petrophila RKU-1, complete genome
meslier_reads/illumina_subsamp_1.fq	release89/archaea/RS_GCF_000091665.1_genomic.fna.gz	8.7472	5.9168	99.99	24.000	NA-NA	HIGH	NA-NA	24	24.010	7443/7457	99.99	NC_000909.1 Methanocaldococcus jannaschii DSM 2661, complete genome
meslier_reads/illumina_subsamp_1.fq	release89/archaea/RS_GCF_000166095.1_genomic.fna.gz	6.9249	3.3473	100.00	19.000	NA-NA	HIGH	NA-NA	19	19.574	5278/5284	100.00	NC_014658.1 Methanothermus fervidus DSM 2088, complete genome
meslier_reads/illumina_subsamp_1.fq	release89/bacteria/RS_GCF_000016545.1_genomic.fna.gz	6.9249	7.9964	100.00	19.000	NA-NA	HIGH	NA-NA	19	19.429	11953/11955	100.00	NC_009437.1 Caldicellulosiruptor saccharolyticus DSM 8903, complete genome
meslier_reads/illumina_subsamp_1.fq	release89/bacteria/RS_GCF_000019085.1_genomic.fna.gz	4.1143	3.7793	100.00	11.289	NA-NA	HIGH	NA-NA	11	11.289	9385/9389	100.00	NC_010321.1 Thermoanaerobacter pseudethanolicus ATCC 33223, complete genome
meslier_reads/illumina_subsamp_1.fq	release89/archaea/RS_GCF_001639275.1_genomic.fna.gz	3.7799	3.1454	100.00	10.371	NA-NA	HIGH	NA-NA	10	10.371	8844/8846	100.00	NZ_LWMU01000001.1 Methanobrevibacter oralis strain DSM 7256 MBORA_contig000001, whole genome shotgun sequence
meslier_reads/illumina_subsamp_1.fq	release89/bacteria/RS_GCF_900167395.1_genomic.fna.gz	3.5042	3.7276	99.98	9.615	NA-NA	HIGH	NA-NA	9	9.615	11649/11710	99.98	NZ_FUWK01000085.1 Nitrosomonas europaea strain ATCC 25978, whole genome shotgun sequence
meslier_reads/illumina_subsamp_1.fq	release89/bacteria/RS_GCF_000010305.1_genomic.fna.gz	3.3727	6.0800	100.00	9.254	NA-NA	HIGH	NA-NA	9	9.254	20059/20062	100.00	NC_012489.1 Gemmatimonas aurantiaca T-27 DNA, complete genome
meslier_reads/illumina_subsamp_1.fq	release89/bacteria/RS_GCF_000021565.1_genomic.fna.gz	3.3129	2.5552	100.00	9.090	NA-NA	HIGH	NA-NA	9	9.090	8660/8662	100.00	NC_012440.1 Persephonella marina EX-H1, complete genome
meslier_reads/illumina_subsamp_1.fq	release89/archaea/RS_GCF_000011105.1_genomic.fna.gz	3.2866	2.2213	100.00	9.017	NA-NA	HIGH	NA-NA	9	9.017	7556/7564	100.00	NC_000961.1 Pyrococcus horikoshii OT3 DNA, complete genome
meslier_reads/illumina_subsamp_1.fq	release89/bacteria/RS_GCF_002952055.1_genomic.fna.gz	2.6952	2.9071	100.00	7.395	NA-NA	HIGH	NA-NA	7	7.395	11427/11441	100.00	NZ_CP021255.1 Desulfobulbus sp. ORNL chromosome, complete genome
meslier_reads/illumina_subsamp_1.fq	release89/bacteria/RS_GCF_000020465.1_genomic.fna.gz	2.2195	2.3842	99.98	6.090	NA-NA	HIGH	NA-NA	6	6.090	11328/11393	99.98	NC_010803.1 Chlorobium limicola DSM 245, complete genome
meslier_reads/illumina_subsamp_1.fq	release89/bacteria/RS_GCF_000016085.1_genomic.fna	2.1328	1.6308	99.99	5.852	NA-NA	HIGH	NA-NA	6	5.852	8341/8371	99.99	NC_009337.1 Chlorobium phaeovibrioides DSM 265, complete genome
meslier_reads/illumina_subsamp_1.fq	release89/bacteria/RS_GCF_000010505.1_genomic.fna.gz	1.9532	1.7882	99.98	5.359	NA-NA	HIGH	NA-NA	5	5.359	9235/9305	99.98	NC_010729.1 Porphyromonas gingivalis ATCC 33277 DNA, complete genome
meslier_reads/illumina_subsamp_1.fq	release89/bacteria/GB_GCA_000018565.1_genomic.fna.gz	1.9202	5.0654	99.97	5.269	NA-NA	HIGH	NA-NA	5	5.269	28081/28302	99.97	CP000875.1 Herpetosiphon aurantiacus DSM 785, complete genome
meslier_reads/illumina_subsamp_1.fq	release89/bacteria/RS_GCF_000178875.2_genomic.fna.gz	1.7874	3.7306	98.51	4.904	NA-NA	HIGH	NA-NA	5	4.904	13988/22299	98.51	NC_016901.1 Shewanella baltica OS678, complete genome
meslier_reads/illumina_subsamp_1.fq	release89/archaea/RS_GCF_000006805.1_genomic.fna.gz	1.6415	1.6407	99.95	4.504	NA-NA	HIGH	NA-NA	4	4.504	9408/9551	99.95	NC_002607.1 Halobacterium sp. NRC-1, complete genome
meslier_reads/illumina_subsamp_1.fq	release89/bacteria/RS_GCF_000196115.1_genomic.fna.gz	1.6290	4.5254	99.95	4.470	NA-NA	HIGH	NA-NA	4	4.470	29868/30348	99.95	NC_005027.1 Rhodopirellula baltica SH 1 chromosome, complete genome
meslier_reads/illumina_subsamp_1.fq	release89/bacteria/RS_GCF_000007325.1_genomic.fna.gz	1.6228	1.3718	99.95	4.452	NA-NA	HIGH	NA-NA	4	4.452	8920/9067	99.95	NC_003454.1 Fusobacterium nucleatum subsp. nucleatum ATCC 25586 chromosome, complete genome
meslier_reads/illumina_subsamp_1.fq	release89/archaea/GB_GCA_000008085.1_genomic.fna.gz	1.5211	0.2903	99.78	4.173	NA-NA	HIGH	NA-NA	4	4.173	2053/2201	99.78	AE017199.1 Nanoarchaeum equitans Kin4-M, complete genome
meslier_reads/illumina_subsamp_1.fq	release89/archaea/RS_GCF_000016125.1_genomic.fna.gz	1.2225	0.8503	99.86	3.354	NA-NA	HIGH	NA-NA	3	3.354	7191/7519	99.86	NC_009135.1 Methanococcus maripaludis C5, complete genome
meslier_reads/illumina_subsamp_1.fq	release89/archaea/RS_GCF_001481685.1_genomic.fna.gz	1.0561	0.5726	99.76	2.898	NA-NA	HIGH	NA-NA	3	2.898	5558/5983	99.76	NZ_CP006867.1 Ignicoccus islandicus DSM 13165, complete genome
meslier_reads/illumina_subsamp_1.fq	release89/bacteria/RS_GCF_000006985.1_genomic.fna.gz	1.0470	0.8772	99.75	2.873	NA-NA	HIGH	NA-NA	3	2.873	8507/9193	99.75	NC_002932.3 Chlorobium tepidum TLS chromosome, complete genome
meslier_reads/illumina_subsamp_1.fq	release89/bacteria/RS_GCF_000015125.1_genomic.fna.gz	0.8902	1.0846	99.92	2.443	99.89-99.95	2.443	2.33-2.52	2	2.683	11375/12718	99.64	NC_008639.1 Chlorobium phaeobacteroides DSM 266, complete genome
meslier_reads/illumina_subsamp_1.fq	release89/bacteria/RS_GCF_000020785.1_genomic.fna.gz	0.8781	0.5324	100.00	2.409	99.96-100.05	2.409	2.28-2.55	2	2.723	5991/6551	99.71	NC_011126.1 Hydrogenobaculum sp. Y04AAS1, complete genome
meslier_reads/illumina_subsamp_1.fq	release89/archaea/RS_GCF_000017945.1_genomic.fna.gz	0.8005	0.4038	99.99	2.196	99.94-100.05	2.196	2.06-2.31	2	2.525	5073/5692	99.63	NC_009776.1 Ignicoccus hospitalis KIN4/I, complete genome
meslier_reads/illumina_subsamp_1.fq	release89/bacteria/RS_GCF_001645105.1_genomic.fna.gz	0.7862	2.0219	98.48	2.157	98.44-98.52	2.157	2.09-2.23	2	2.467	15682/28352	98.11	NZ_LKEG01000001.1 Pseudomonas marginalis strain ICMP 3553 C1001, whole genome shotgun sequence
meslier_reads/illumina_subsamp_1.fq	release89/bacteria/RS_GCF_002910975.1_genomic.fna.gz	0.6916	1.7866	97.04	1.898	97.00-97.10	1.898	1.83-1.95	2	2.296	9590/28398	96.56	NZ_PISL01000001.1 Pseudomonas hunanensis strain P11 scaffold1, whole genome shotgun sequence
meslier_reads/illumina_subsamp_1.fq	release89/bacteria/RS_GCF_000020225.1_genomic.fna.gz	0.6096	0.6313	99.92	1.672	99.85-99.98	1.672	1.60-1.74	2	1.998	9113/11412	99.28	NC_010655.1 Akkermansia muciniphila ATCC BAA-835, complete genome
meslier_reads/illumina_subsamp_1.fq	release89/bacteria/RS_GCF_000156375.1_genomic.fna.gz	0.5668	0.6318	99.98	1.555	99.93-100.04	1.555	1.49-1.61	2	2.020	9613/12133	99.25	NZ_DS996397.1 Desulfovibrio piger ATCC 29098 Scfld442, whole genome shotgun sequence
meslier_reads/illumina_subsamp_1.fq	release89/archaea/GB_GCA_000015805.1_genomic.fna.gz	0.5466	0.4270	99.95	1.500	99.90-100.02	1.500	1.42-1.56	2	1.969	6655/8605	99.17	CP000561.1 Pyrobaculum calidifontis JCM 11548, complete genome
meslier_reads/illumina_subsamp_1.fq	release89/bacteria/RS_GCF_000009705.1_genomic.fna.gz	0.5339	1.4970	99.99	1.465	99.96-100.04	1.465	1.42-1.50	2	2.375	23650/30485	99.18	NC_003272.1 Nostoc sp. PCC 7120 DNA, complete genome
meslier_reads/illumina_subsamp_1.fq	release89/archaea/RS_GCF_002945325.1_genomic.fna.gz	0.5232	0.3488	96.17	1.435	96.01-96.34	1.435	1.32-1.57	2	1.906	1676/7296	95.37	NZ_CP026606.1 Methanococcus maripaludis strain DSM 2067 chromosome, complete genome
meslier_reads/illumina_subsamp_1.fq	release89/bacteria/RS_GCF_000018865.1_genomic.fna.gz	0.4999	1.0219	99.96	1.372	99.91-100.00	1.372	1.33-1.41	2	1.860	16456/22107	99.05	NC_010175.1 Chloroflexus aurantiacus J-10-fl chromosome, complete genome
meslier_reads/illumina_subsamp_1.fq	release89/bacteria/RS_GCF_000008185.1_genomic.fna.gz	0.4855	0.5366	99.91	1.332	99.86-99.97	1.332	1.28-1.38	2	1.796	8874/12251	98.97	NC_002967.9 Treponema denticola ATCC 35405 chromosome, complete genome
meslier_reads/illumina_subsamp_1.fq	release89/bacteria/RS_GCF_000196135.1_genomic.fna.gz	0.4697	0.3853	100.00	1.289	99.93-100.08	1.289	1.23-1.34	2	1.821	6637/9066	99.00	NC_005090.1 Wolinella succinogenes DSM 1740, complete genome
meslier_reads/illumina_subsamp_1.fq	release89/bacteria/RS_GCF_000020325.1_genomic.fna.gz	0.4475	0.3199	99.85	1.228	99.77-99.94	1.228	1.16-1.28	1	1.731	5119/7492	98.78	NC_010730.1 Sulfurihydrogenibium sp. YO3AOP1, complete genome
meslier_reads/illumina_subsamp_1.fq	release89/archaea/GB_GCA_000007185.1_genomic.fna.gz	0.4347	0.2864	100.00	1.193	99.92-100.09	1.193	1.13-1.24	1	1.766	5223/7420	98.87	AE009439.1 Methanopyrus kandleri AV19, complete genome
meslier_reads/illumina_subsamp_1.fq	release89/bacteria/RS_GCF_000012825.1_genomic.fna.gz	0.4332	0.8696	99.97	1.189	99.93-100.01	1.189	1.16-1.22	1	1.733	14755/21133	98.85	NC_009614.1 Bacteroides vulgatus ATCC 8482, complete genome
meslier_reads/illumina_subsamp_1.fq	release89/archaea/RS_GCF_000008665.1_genomic.fna.gz	0.4096	0.3469	99.98	1.124	99.92-100.07	1.124	1.08-1.17	1	1.674	6328/9304	98.76	NC_000917.1 Archaeoglobus fulgidus DSM 4304, complete genome
meslier_reads/illumina_subsamp_1.fq	release89/bacteria/RS_GCF_000022325.1_genomic.fna.gz	0.3728	0.4249	99.76	1.023	99.67-99.86	1.023	0.98-1.07	1	1.590	7171/11857	98.39	NC_012034.1 Caldicellulosiruptor bescii DSM 6725, complete genome
meslier_reads/illumina_subsamp_1.fq	release89/bacteria/RS_GCF_000007985.2_genomic.fna.gz	0.3001	0.4451	99.94	0.824	99.85-100.02	0.824	0.79-0.86	1	1.464	9192/16461	98.14	NC_002939.5 Geobacter sulfurreducens PCA chromosome, complete genome
meslier_reads/illumina_subsamp_1.fq	release89/bacteria/RS_GCF_000013645.1_genomic.fna.gz	0.2934	1.1101	99.89	0.805	99.83-99.95	0.805	0.78-0.83	1	1.474	22457/41361	98.05	NC_007951.1 Paraburkholderia xenovorans LB400 chromosome 1, complete sequence
meslier_reads/illumina_subsamp_1.fq	release89/bacteria/RS_GCF_000015865.1_genomic.fna.gz	0.2923	0.4367	99.96	0.802	99.86-100.06	0.802	0.77-0.84	1	1.457	8688/15718	98.11	NC_009012.1 Ruminiclostridium thermocellum ATCC 27405, complete genome
meslier_reads/illumina_subsamp_1.fq	release89/bacteria/RS_GCF_000016065.1_genomic.fna.gz	0.2861	0.5119	99.81	0.785	99.72-99.91	0.785	0.75-0.82	1	1.470	10166/19501	97.92	NC_009092.1 Shewanella loihica PV-4, complete genome
meslier_reads/illumina_subsamp_1.fq	release89/bacteria/RS_GCF_000022565.1_genomic.fna.gz	0.2384	0.3825	99.85	0.654	99.75-99.96	0.654	0.62-0.69	1	1.367	8266/17757	97.56	NC_012483.1 Acidobacterium capsulatum ATCC 51196, complete genome
meslier_reads/illumina_subsamp_1.fq	release89/bacteria/RS_GCF_000018265.1_genomic.fna	0.2011	0.4524	99.89	0.552	99.81-100.02	0.552	0.52-0.57	1	1.317	10238/24521	97.22	NC_009953.1 Salinispora arenicola CNS-205, complete genome
meslier_reads/illumina_subsamp_1.fq	release89/bacteria/RS_GCF_000011065.1_genomic.fna.gz	0.1879	0.4597	99.85	0.516	99.75-99.94	0.516	0.49-0.54	1	1.275	10454/26733	97.02	NC_004663.1 Bacteroides thetaiotaomicron VPI-5482 chromosome, complete genome
meslier_reads/illumina_subsamp_1.fq	release89/bacteria/RS_GCF_000008565.1_genomic.fna.gz	0.1688	0.2155	99.94	0.463	99.77-100.15	0.463	0.43-0.49	1	1.274	5124/13818	96.85	NC_001263.1 Deinococcus radiodurans R1 chromosome 1, complete sequence
meslier_reads/illumina_subsamp_1.fq	release89/bacteria/RS_GCF_000021645.1_genomic.fna.gz	0.1216	0.0877	99.78	0.334	99.54-100.05	0.334	0.30-0.36	1	1.179	2109/7811	95.86	NC_011661.1 Dictyoglomus turgidum DSM 6724 chromosome, complete genome
meslier_reads/illumina_subsamp_1.fq	release89/bacteria/RS_GCF_000016425.1_genomic.fna.gz	0.1215	0.2448	99.63	0.333	99.47-99.87	0.333	0.31-0.35	1	1.182	5651/21909	95.72	NC_009380.1 Salinispora tropica CNB-440, complete genome
meslier_reads/illumina_subsamp_1.fq	release89/bacteria/RS_GCF_000392875.1_genomic.fna.gz	0.1018	0.1141	98.80	0.279	98.49-99.23	0.279	0.24-0.31	1	1.153	2098/12252	94.47	NZ_KB944588.1 Enterococcus faecalis ATCC 19433 acAqW-supercont1.1, whole genome shotgun sequence
meslier_reads/illumina_subsamp_1.fq	release89/bacteria/GB_GCA_001525555.2_genomic.fna.gz	0.0929	0.1494	99.09	0.255	98.82-99.38	0.255	0.23-0.27	1	1.132	2749/15895	94.50	LRIH02000004.1 Bordetella pertussis 18323 strain FDAARGOS_178 unitig_0_quiver_pilon, whole genome shotgun sequence
meslier_reads/illumina_subsamp_1.fq	release89/archaea/GB_GCA_000007225.1_genomic.fna.gz	0.0775	0.0670	99.99	0.213	99.63-100.37	0.213	0.19-0.24	1	1.108	1820/9340	94.86	AE009441.1 Pyrobaculum aerophilum str. IM2, complete genome
meslier_reads/illumina_subsamp_1.fq	release89/archaea/RS_GCF_000007305.1_genomic.fna.gz	0.0694	0.0515	99.72	0.190	99.24-100.21	0.190	0.16-0.22	1	1.097	1319/8127	94.30	NC_003413.1 Pyrococcus furiosus DSM 3638, complete genome
meslier_reads/illumina_subsamp_1.fq	release89/archaea/RS_GCF_000011205.1_genomic.fna.gz	0.0653	0.0685	99.83	0.179	99.39-100.25	0.179	0.15-0.20	1	1.091	1807/11373	94.24	NC_003106.2 Sulfolobus tokodaii str. 7 DNA, complete genome
meslier_reads/illumina_subsamp_1.fq	release89/archaea/RS_GCF_000308215.1_genomic.fna.gz	0.0439	0.0448	99.21	0.121	98.54-99.78	0.121	0.10-0.14	1	1.070	1027/11312	92.55	NZ_CAJE01000026.1 Methanomassiliicoccus luminyensis B10, whole genome shotgun sequence
meslier_reads/illumina_subsamp_1.fq	release89/bacteria/RS_GCF_000019785.1_genomic.fna.gz	0.0356	0.0679	99.58	0.098	98.94-100.18	0.098	0.08-0.12	1	1.058	1727/20725	92.30	NC_010524.1 Leptothrix cholodnii SP-6, complete genome
meslier_reads/illumina_subsamp_1.fq	release89/bacteria/RS_GCF_002006445.1_genomic.fna.gz	0.0334	0.0751	96.09	0.092	95.17-96.91	0.092	0.07-0.11	1	1.042	640/24583	88.90	NZ_LZZC01000001.1 Clostridium beijerinckii strain DSM 791 CLBEI_contig000001, whole genome shotgun sequence
meslier_reads/illumina_subsamp_1.fq	release89/bacteria/RS_GCF_002214725.1_genomic.fna.gz	0.0317	0.0671	98.56	0.087	97.86-99.45	0.087	0.06-0.11	1	1.044	1250/23006	91.03	NZ_CP016316.1 Bacillus cereus strain M3, complete sequence
meslier_reads/illumina_subsamp_1.fq	release89/bacteria/RS_GCF_003030305.1_genomic.fna.gz	0.0284	0.0275	96.15	0.078	94.69-97.81	0.078	0.04-0.12	1	1.038	240/10561	88.51	NZ_CP023676.1 Cutibacterium acnes strain ATCC 6919 chromosome, complete genome
meslier_reads/illumina_subsamp_1.fq	release89/bacteria/RS_GCF_000011965.2_genomic.fna.gz	0.0280	0.0500	99.66	0.077	98.97-100.40	0.077	0.06-0.09	1	1.041	1356/19921	91.70	NC_003911.12 Ruegeria pomeroyi DSS-3, complete genome
meslier_reads/illumina_subsamp_1.fq	release89/bacteria/RS_GCF_002811175.1_genomic.fna.gz	0.0266	0.0411	97.23	0.073	96.00-98.41	0.073	0.04-0.11	1	1.043	514/17078	89.31	NZ_MJHA01000001.1 Acinetobacter baumannii ATCC 19606 = CIP 70.34 = JCM 6841 strain ATCC 19606 map unlocalized plasmid unnamed1 NODE_10_length_8663_cov_4032.66_ID_4757, whole genome shotgun sequence
meslier_reads/illumina_subsamp_1.fq	release89/bacteria/RS_GCF_000012905.2_genomic.fna.gz	0.0265	0.0474	96.61	0.073	95.61-97.81	0.073	0.05-0.10	1	1.039	486/19737	88.74	NC_007493.2 Rhodobacter sphaeroides 2.4.1 chromosome 1, complete sequence
meslier_reads/illumina_subsamp_1.fq	release89/bacteria/RS_GCF_000017205.1_genomic.fna.gz	0.0261	0.0668	97.83	0.072	96.93-98.74	0.072	0.05-0.09	1	1.049	991/27726	89.81	NC_009656.1 Pseudomonas aeruginosa PA7, complete genome
meslier_reads/illumina_subsamp_1.fq	release89/archaea/RS_GCF_000328665.1_genomic.fna.gz	0.0244	0.0258	99.35	0.067	98.39-100.49	0.067	0.04-0.09	1	1.032	617/11397	91.02	NC_019977.1 Methanomethylovorans hollandica DSM 15978, complete genome
meslier_reads/illumina_subsamp_1.fq	release89/bacteria/RS_GCF_000375505.1_genomic.fna.gz	0.0226	0.0175	98.82	0.062	97.56-100.54	0.062	0.03-0.09	1	1.044	367/8634	90.31	NZ_AQWT01000001.1 Streptococcus mutans DSM 20523 B093DRAFT_scaffold_0.1_C, whole genome shotgun sequence
meslier_reads/illumina_subsamp_1.fq	release89/bacteria/RS_GCF_002799245.1_genomic.fna.gz	0.0220	0.0406	99.51	0.060	98.58-100.33	0.060	0.05-0.08	1	1.040	1062/20624	90.87	NZ_NEQV01000001.1 Stenotrophomonas maltophilia strain EA1 Contig_1_consensus_ctg_5_15_2, whole genome shotgun sequence
meslier_reads/illumina_subsamp_1.fq	release89/bacteria/RS_GCF_000186445.1_genomic.fna.gz	0.0214	0.0191	98.33	0.059	96.86-100.61	0.059	0.03-0.09	1	1.029	315/9094	89.72	NZ_GL636070.1 Streptococcus agalactiae ATCC 13813 SCAFFOLD1, whole genome shotgun sequence
meslier_reads/illumina_subsamp_1.fq	release89/archaea/RS_GCF_000144915.1_genomic.fna.gz	0.0209	0.0122	98.25	0.057	96.11-99.93	0.057	0.03-0.11	1	1.028	215/6520	89.58	NC_014374.1 Acidilobus saccharovorans 345-15, complete genome
meslier_reads/illumina_subsamp_1.fq	release89/bacteria/RS_GCF_002087975.1_genomic.fna.gz	0.0205	0.0196	99.12	0.056	97.85-100.88	0.056	0.03-0.08	1	1.059	443/10414	90.32	NZ_NARC01000016.1 Staphylococcus epidermidis strain ATCC 14990 map unlocalized plasmid pATCC14990-1 contig_16, whole genome shotgun sequence
meslier_reads/illumina_subsamp_1.fq	release89/bacteria/RS_GCF_000026325.1_genomic.fna.gz	0.0195	0.0406	97.46	0.053	96.29-98.82	0.053	0.03-0.08	1	1.026	538/22451	88.66	NC_011751.1 Escherichia coli UMN026, complete genome
meslier_reads/illumina_subsamp_1.fq	release89/archaea/RS_GCF_000025665.1_genomic.fna.gz	0.0186	0.0108	100.00	0.051	98.78-102.56	0.051	0.02-0.08	1	1.050	362/6467	91.12	NC_013926.1 Aciduliprofundum boonei T469, complete genome
meslier_reads/illumina_subsamp_1.fq	release89/bacteria/RS_GCF_001027105.1_genomic.fna.gz	0.0183	0.0198	99.87	0.050	98.66-101.38	0.050	0.03-0.07	1	1.024	572/11892	90.68	NZ_CP011526.1 Staphylococcus aureus subsp. aureus DSM 20231, complete genome
meslier_reads/illumina_subsamp_1.fq	release89/bacteria/RS_GCF_000014425.1_genomic.fna.gz	0.0180	0.0133	99.99	0.049	98.34-101.80	0.049	0.03-0.08	1	1.024	373/7578	90.74	NC_008530.1 Lactobacillus gasseri ATCC 33323, complete genome
meslier_reads/illumina_subsamp_1.fq	release89/bacteria/RS_GCF_000009105.1_genomic.fna.gz	0.0168	0.0142	98.63	0.046	96.82-100.74	0.046	0.02-0.08	1	1.022	267/8898	89.31	NC_003116.1 Neisseria meningitidis serogroup A strain Z2491 complete genome
meslier_reads/illumina_subsamp_1.fq	release89/bacteria/RS_GCF_000010425.1_genomic.fna.gz	0.0165	0.0134	100.00	0.045	98.53-101.94	0.045	0.02-0.07	1	1.027	407/8919	90.52	NC_008618.1 Bifidobacterium adolescentis ATCC 15703 DNA, complete genome
meslier_reads/illumina_subsamp_1.fq	release89/bacteria/RS_GCF_000154225.1_genomic.fna.gz	0.0132	0.0122	100.00	0.036	98.47-102.78	0.036	0.02-0.06	1	1.018	395/10150	90.06	NZ_DS264586.1 Actinomyces odontolyticus ATCC 17982 Scfld021, whole genome shotgun sequence
meslier_reads/illumina_subsamp_1.fq	release89/archaea/RS_GCF_000007345.1_genomic.fna.gz	0.0076	0.0170	100.00	0.021	99.19-102.77	0.021	0.01-0.03	1	1.010	678/23083	89.24	NC_003552.1 Methanosarcina acetivorans str. C2A, complete genome
meslier_reads/nanopore_subsamp.fq	release89/bacteria/RS_GCF_000018945.1_genomic.fna.gz	11.3276	7.9286	99.93	7.457	NA-NA	HIGH	NA-NA	7	7.457	7868/8045	99.93	NC_011978.1 Thermotoga neapolitana DSM 4359, complete genome
meslier_reads/nanopore_subsamp.fq	release89/bacteria/RS_GCF_000016785.1_genomic.fna.gz	8.1211	5.5001	99.66	5.346	NA-NA	HIGH	NA-NA	5	5.346	7032/7808	99.66	NC_009486.1 Thermotoga petrophila RKU-1, complete genome
meslier_reads/nanopore_subsamp.fq	release89/archaea/RS_GCF_000091665.1_genomic.fna.gz	7.7000	4.9758	99.81	5.069	NA-NA	HIGH	NA-NA	5	5.069	7025/7457	99.81	NC_000909.1 Methanocaldococcus jannaschii DSM 2661, complete genome
meslier_reads/nanopore_subsamp.fq	release89/archaea/RS_GCF_000166095.1_genomic.fna.gz	6.9671	3.2173	99.77	4.587	NA-NA	HIGH	NA-NA	4	4.587	4922/5284	99.77	NC_014658.1 Methanothermus fervidus DSM 2088, complete genome
meslier_reads/nanopore_subsamp.fq	release89/bacteria/RS_GCF_000016545.1_genomic.fna.gz	6.6264	7.3101	99.74	4.362	NA-NA	HIGH	NA-NA	4	4.362	11021/11955	99.74	NC_009437.1 Caldicellulosiruptor saccharolyticus DSM 8903, complete genome
meslier_reads/nanopore_subsamp.fq	release89/bacteria/RS_GCF_900167395.1_genomic.fna.gz	4.8968	4.9763	99.62	3.224	NA-NA	HIGH	NA-NA	3	3.224	10410/11710	99.62	NZ_FUWK01000085.1 Nitrosomonas europaea strain ATCC 25978, whole genome shotgun sequence
meslier_reads/nanopore_subsamp.fq	release89/archaea/RS_GCF_001639275.1_genomic.fna.gz	4.6732	3.7150	99.50	3.076	NA-NA	HIGH	NA-NA	3	3.076	7563/8846	99.50	NZ_LWMU01000001.1 Methanobrevibacter oralis strain DSM 7256 MBORA_contig000001, whole genome shotgun sequence
meslier_reads/nanopore_subsamp.fq	release89/bacteria/RS_GCF_000010305.1_genomic.fna.gz	4.6496	8.0074	99.59	3.061	NA-NA	HIGH	NA-NA	3	3.061	17684/20062	99.59	NC_012489.1 Gemmatimonas aurantiaca T-27 DNA, complete genome
meslier_reads/nanopore_subsamp.fq	release89/bacteria/RS_GCF_000021565.1_genomic.fna.gz	2.9678	2.1868	99.94	1.954	99.78-99.98	1.954	1.86-2.30	2	2.817	7345/8662	99.47	NC_012440.1 Persephonella marina EX-H1, complete genome
meslier_reads/nanopore_subsamp.fq	release89/bacteria/RS_GCF_000019085.1_genomic.fna.gz	2.8264	2.4803	99.83	1.861	99.77-99.88	1.861	1.77-1.95	2	2.649	7585/9389	99.31	NC_010321.1 Thermoanaerobacter pseudethanolicus ATCC 33223, complete genome
meslier_reads/nanopore_subsamp.fq	release89/archaea/RS_GCF_000011105.1_genomic.fna.gz	2.5495	1.6462	99.79	1.678	99.70-99.87	1.678	1.58-1.77	2	2.512	5808/7564	99.15	NC_000961.1 Pyrococcus horikoshii OT3 DNA, complete genome
meslier_reads/nanopore_subsamp.fq	release89/bacteria/RS_GCF_000020465.1_genomic.fna.gz	2.3752	2.4375	99.75	1.564	99.68-99.81	1.564	1.49-1.65	2	2.224	8417/11393	99.03	NC_010803.1 Chlorobium limicola DSM 245, complete genome
meslier_reads/nanopore_subsamp.fq	release89/bacteria/GB_GCA_000018565.1_genomic.fna.gz	2.0106	5.0670	99.77	1.324	99.72-99.81	1.324	1.29-1.35	2	2.099	19545/28302	98.81	CP000875.1 Herpetosiphon aurantiacus DSM 785, complete genome
meslier_reads/nanopore_subsamp.fq	release89/bacteria/RS_GCF_000016085.1_genomic.fna	1.9290	1.4091	99.55	1.270	99.47-99.64	1.270	1.22-1.33	2	1.864	5290/8371	98.53	NC_009337.1 Chlorobium phaeovibrioides DSM 265, complete genome
meslier_reads/nanopore_subsamp.fq	release89/bacteria/RS_GCF_000178875.2_genomic.fna.gz	1.9223	3.8330	98.44	1.265	98.36-98.52	1.265	1.22-1.31	2	2.089	9988/22299	97.44	NC_016901.1 Shewanella baltica OS678, complete genome
meslier_reads/nanopore_subsamp.fq	release89/bacteria/RS_GCF_000007325.1_genomic.fna.gz	1.9100	1.5425	99.61	1.257	99.54-99.70	1.257	1.20-1.31	2	1.887	5815/9067	98.58	NC_003454.1 Fusobacterium nucleatum subsp. nucleatum ATCC 25586 chromosome, complete genome
meslier_reads/nanopore_subsamp.fq	release89/bacteria/RS_GCF_002952055.1_genomic.fna.gz	1.8572	1.9137	99.85	1.223	99.80-99.92	1.223	1.17-1.26	2	1.891	7793/11441	98.77	NZ_CP021255.1 Desulfobulbus sp. ORNL chromosome, complete genome
meslier_reads/nanopore_subsamp.fq	release89/bacteria/RS_GCF_000196115.1_genomic.fna.gz	1.7398	4.6172	99.71	1.145	99.67-99.77	1.145	1.12-1.17	1	1.782	19163/30348	98.53	NC_005027.1 Rhodopirellula baltica SH 1 chromosome, complete genome
meslier_reads/nanopore_subsamp.fq	release89/archaea/RS_GCF_000006805.1_genomic.fna.gz	1.6598	1.5849	99.81	1.093	99.74-99.91	1.093	1.04-1.13	1	1.798	6053/9551	98.54	NC_002607.1 Halobacterium sp. NRC-1, complete genome
meslier_reads/nanopore_subsamp.fq	release89/bacteria/RS_GCF_000006985.1_genomic.fna.gz	1.2849	1.0284	99.62	0.846	99.47-99.75	0.846	0.80-0.90	1	1.534	4735/9193	97.88	NC_002932.3 Chlorobium tepidum TLS chromosome, complete genome
meslier_reads/nanopore_subsamp.fq	release89/bacteria/RS_GCF_000010505.1_genomic.fna.gz	1.2353	1.0804	99.64	0.813	99.50-99.78	0.813	0.76-0.86	1	1.518	4698/9305	97.82	NC_010729.1 Porphyromonas gingivalis ATCC 33277 DNA, complete genome
meslier_reads/nanopore_subsamp.fq	release89/archaea/RS_GCF_000016125.1_genomic.fna.gz	1.2158	0.8078	99.42	0.800	99.27-99.54	0.800	0.75-0.86	1	1.509	3514/7519	97.58	NC_009135.1 Methanococcus maripaludis C5, complete genome
meslier_reads/nanopore_subsamp.fq	release89/archaea/RS_GCF_001481685.1_genomic.fna.gz	1.1985	0.6208	99.41	0.789	99.22-99.56	0.789	0.73-0.84	1	1.441	2757/5983	97.53	NZ_CP006867.1 Ignicoccus islandicus DSM 13165, complete genome
meslier_reads/nanopore_subsamp.fq	release89/bacteria/RS_GCF_001645105.1_genomic.fna.gz	1.0868	2.6699	98.16	0.715	98.06-98.27	0.715	0.68-0.74	1	1.446	8278/28352	96.11	NZ_LKEG01000001.1 Pseudomonas marginalis strain ICMP 3553 C1001, whole genome shotgun sequence
meslier_reads/nanopore_subsamp.fq	release89/bacteria/RS_GCF_000015125.1_genomic.fna.gz	1.0809	1.2581	99.32	0.712	99.20-99.45	0.712	0.67-0.75	1	1.419	5331/12718	97.23	NC_008639.1 Chlorobium phaeobacteroides DSM 266, complete genome
meslier_reads/nanopore_subsamp.fq	release89/bacteria/RS_GCF_002910975.1_genomic.fna.gz	1.0483	2.5869	96.48	0.690	96.35-96.63	0.690	0.65-0.72	1	1.382	4746/28398	94.39	NZ_PISL01000001.1 Pseudomonas hunanensis strain P11 scaffold1, whole genome shotgun sequence
meslier_reads/nanopore_subsamp.fq	release89/bacteria/RS_GCF_000020785.1_genomic.fna.gz	1.0407	0.6028	99.65	0.685	99.46-99.78	0.685	0.65-0.73	1	1.419	2966/6551	97.48	NC_011126.1 Hydrogenobaculum sp. Y04AAS1, complete genome
meslier_reads/nanopore_subsamp.fq	release89/archaea/RS_GCF_000017945.1_genomic.fna.gz	0.9167	0.4418	99.47	0.603	99.27-99.68	0.603	0.54-0.64	1	1.339	2223/5692	97.01	NC_009776.1 Ignicoccus hospitalis KIN4/I, complete genome
meslier_reads/nanopore_subsamp.fq	release89/archaea/GB_GCA_000008085.1_genomic.fna.gz	0.8919	0.1626	99.08	0.587	98.71-99.45	0.587	0.51-0.67	1	1.332	746/2201	96.57	AE017199.1 Nanoarchaeum equitans Kin4-M, complete genome
meslier_reads/nanopore_subsamp.fq	release89/bacteria/RS_GCF_000012825.1_genomic.fna.gz	0.7861	1.5074	99.53	0.518	99.41-99.68	0.518	0.49-0.54	1	1.301	7514/21133	96.72	NC_009614.1 Bacteroides vulgatus ATCC 8482, complete genome
meslier_reads/nanopore_subsamp.fq	release89/bacteria/RS_GCF_000020225.1_genomic.fna.gz	0.7826	0.7743	99.21	0.515	99.03-99.45	0.515	0.47-0.56	1	1.298	3656/11412	96.39	NC_010655.1 Akkermansia muciniphila ATCC BAA-835, complete genome
meslier_reads/nanopore_subsamp.fq	release89/archaea/RS_GCF_002945325.1_genomic.fna.gz	0.6150	0.3917	96.07	0.405	95.64-96.57	0.405	0.34-0.47	1	1.221	715/7296	92.78	NZ_CP026606.1 Methanococcus maripaludis strain DSM 2067 chromosome, complete genome
meslier_reads/nanopore_subsamp.fq	release89/bacteria/RS_GCF_000156375.1_genomic.fna.gz	0.5933	0.6318	99.26	0.391	99.08-99.54	0.391	0.35-0.41	1	1.224	3180/12133	95.77	NZ_DS996397.1 Desulfovibrio piger ATCC 29098 Scfld442, whole genome shotgun sequence
meslier_reads/nanopore_subsamp.fq	release89/bacteria/RS_GCF_000009705.1_genomic.fna.gz	0.5553	1.4872	99.08	0.366	98.95-99.23	0.366	0.35-0.39	1	1.314	7152/30485	95.43	NC_003272.1 Nostoc sp. PCC 7120 DNA, complete genome
meslier_reads/nanopore_subsamp.fq	release89/bacteria/RS_GCF_000018865.1_genomic.fna.gz	0.5231	1.0217	99.52	0.344	99.42-99.72	0.344	0.32-0.36	1	1.194	5659/22107	95.70	NC_010175.1 Chloroflexus aurantiacus J-10-fl chromosome, complete genome
meslier_reads/nanopore_subsamp.fq	release89/archaea/GB_GCA_000015805.1_genomic.fna.gz	0.5052	0.3770	99.49	0.333	99.22-99.83	0.333	0.29-0.36	1	1.175	2118/8605	95.58	CP000561.1 Pyrobaculum calidifontis JCM 11548, complete genome
meslier_reads/nanopore_subsamp.fq	release89/bacteria/RS_GCF_000020325.1_genomic.fna.gz	0.4718	0.3222	99.60	0.311	99.36-99.95	0.311	0.28-0.33	1	1.176	1802/7492	95.51	NC_010730.1 Sulfurihydrogenibium sp. YO3AOP1, complete genome
meslier_reads/nanopore_subsamp.fq	release89/bacteria/RS_GCF_000008185.1_genomic.fna.gz	0.4307	0.4548	99.03	0.284	98.72-99.38	0.284	0.25-0.31	1	1.151	2278/12251	94.72	NC_002967.9 Treponema denticola ATCC 35405 chromosome, complete genome
meslier_reads/nanopore_subsamp.fq	release89/archaea/GB_GCA_000007185.1_genomic.fna.gz	0.4142	0.2607	99.20	0.273	98.88-99.66	0.273	0.23-0.30	1	1.141	1407/7420	94.78	AE009439.1 Methanopyrus kandleri AV19, complete genome
meslier_reads/nanopore_subsamp.fq	release89/archaea/RS_GCF_000008665.1_genomic.fna.gz	0.4050	0.3276	99.92	0.267	99.69-100.31	0.267	0.23-0.29	1	1.145	2164/9304	95.40	NC_000917.1 Archaeoglobus fulgidus DSM 4304, complete genome
meslier_reads/nanopore_subsamp.fq	release89/bacteria/RS_GCF_000007985.2_genomic.fna.gz	0.3884	0.5502	98.92	0.256	98.65-99.20	0.256	0.23-0.28	1	1.130	2706/16461	94.34	NC_002939.5 Geobacter sulfurreducens PCA chromosome, complete genome
meslier_reads/nanopore_subsamp.fq	release89/bacteria/RS_GCF_000013645.1_genomic.fna.gz	0.3880	1.4022	99.36	0.255	99.16-99.54	0.255	0.24-0.27	1	1.134	7792/41361	94.76	NC_007951.1 Paraburkholderia xenovorans LB400 chromosome 1, complete sequence
meslier_reads/nanopore_subsamp.fq	release89/bacteria/RS_GCF_000015865.1_genomic.fna.gz	0.3748	0.5351	98.97	0.247	98.69-99.28	0.247	0.22-0.27	1	1.130	2548/15718	94.30	NC_009012.1 Ruminiclostridium thermocellum ATCC 27405, complete genome
meslier_reads/nanopore_subsamp.fq	release89/bacteria/RS_GCF_000022325.1_genomic.fna.gz	0.3640	0.3964	99.40	0.240	99.10-99.82	0.240	0.21-0.26	1	1.191	2148/11857	94.64	NC_012034.1 Caldicellulosiruptor bescii DSM 6725, complete genome
meslier_reads/nanopore_subsamp.fq	release89/bacteria/RS_GCF_000196135.1_genomic.fna.gz	0.3490	0.2736	98.34	0.230	97.81-98.85	0.230	0.19-0.27	1	1.128	1130/9066	93.50	NC_005090.1 Wolinella succinogenes DSM 1740, complete genome
meslier_reads/nanopore_subsamp.fq	release89/bacteria/RS_GCF_000016065.1_genomic.fna.gz	0.2833	0.4843	99.34	0.187	98.93-99.66	0.187	0.16-0.21	1	1.101	2764/19501	93.89	NC_009092.1 Shewanella loihica PV-4, complete genome
meslier_reads/nanopore_subsamp.fq	release89/bacteria/RS_GCF_000018265.1_genomic.fna	0.2494	0.5359	99.67	0.164	99.33-99.99	0.164	0.15-0.18	1	1.094	3418/24521	93.84	NC_009953.1 Salinispora arenicola CNS-205, complete genome
meslier_reads/nanopore_subsamp.fq	release89/bacteria/RS_GCF_000011065.1_genomic.fna.gz	0.2449	0.5725	99.85	0.161	99.56-100.16	0.161	0.15-0.18	1	1.092	3889/26733	93.97	NC_004663.1 Bacteroides thetaiotaomicron VPI-5482 chromosome, complete genome
meslier_reads/nanopore_subsamp.fq	release89/bacteria/RS_GCF_000008565.1_genomic.fna.gz	0.2384	0.2907	99.04	0.157	98.54-99.53	0.157	0.13-0.18	1	1.082	1519/13818	93.13	NC_001263.1 Deinococcus radiodurans R1 chromosome 1, complete sequence
meslier_reads/nanopore_subsamp.fq	release89/bacteria/RS_GCF_000016425.1_genomic.fna.gz	0.1953	0.3760	98.80	0.129	98.33-99.29	0.129	0.11-0.15	1	1.066	1859/21909	92.35	NC_009380.1 Salinispora tropica CNB-440, complete genome
meslier_reads/nanopore_subsamp.fq	release89/bacteria/RS_GCF_000021645.1_genomic.fna.gz	0.1784	0.1229	98.73	0.117	97.77-99.71	0.117	0.09-0.16	1	1.059	596/7811	92.03	NC_011661.1 Dictyoglomus turgidum DSM 6724 chromosome, complete genome
meslier_reads/nanopore_subsamp.fq	release89/bacteria/RS_GCF_000392875.1_genomic.fna.gz	0.1766	0.1890	98.28	0.116	97.47-99.12	0.116	0.09-0.15	1	1.060	803/12252	91.58	NZ_KB944588.1 Enterococcus faecalis ATCC 19433 acAqW-supercont1.1, whole genome shotgun sequence
meslier_reads/nanopore_subsamp.fq	release89/bacteria/RS_GCF_000022565.1_genomic.fna.gz	0.1491	0.2286	99.82	0.098	99.15-100.57	0.098	0.08-0.12	1	1.049	1607/17757	92.54	NC_012483.1 Acidobacterium capsulatum ATCC 51196, complete genome
meslier_reads/nanopore_subsamp.fq	release89/bacteria/GB_GCA_001525555.2_genomic.fna.gz	0.1308	0.2009	98.15	0.086	97.16-99.10	0.086	0.06-0.11	1	1.041	751/15895	90.62	LRIH02000004.1 Bordetella pertussis 18323 strain FDAARGOS_178 unitig_0_quiver_pilon, whole genome shotgun sequence
meslier_reads/nanopore_subsamp.fq	release89/archaea/RS_GCF_000308215.1_genomic.fna.gz	0.1070	0.1041	96.88	0.070	95.37-98.76	0.070	0.04-0.12	1	1.034	294/11312	88.89	NZ_CAJE01000026.1 Methanomassiliicoccus luminyensis B10, whole genome shotgun sequence
meslier_reads/nanopore_subsamp.fq	release89/archaea/GB_GCA_000007225.1_genomic.fna.gz	0.0947	0.0782	99.51	0.062	98.44-100.88	0.062	0.04-0.08	1	1.030	496/9340	90.97	AE009441.1 Pyrobaculum aerophilum str. IM2, complete genome
meslier_reads/nanopore_subsamp.fq	release89/archaea/RS_GCF_000011205.1_genomic.fna.gz	0.0697	0.0697	99.50	0.046	98.16-101.16	0.046	0.03-0.07	1	1.027	447/11373	90.09	NC_003106.2 Sulfolobus tokodaii str. 7 DNA, complete genome
meslier_reads/nanopore_subsamp.fq	release89/bacteria/RS_GCF_000026325.1_genomic.fna.gz	0.0573	0.1141	95.67	0.038	93.31-96.77	0.038	0.03-0.07	1	1.019	216/22451	86.09	NC_011751.1 Escherichia coli UMN026, complete genome
meslier_reads/nanopore_subsamp.fq	release89/bacteria/RS_GCF_002799245.1_genomic.fna.gz	0.0470	0.0828	96.26	0.031	93.72-96.57	0.031	0.03-0.06	1	1.015	197/20624	86.07	NZ_NEQV01000001.1 Stenotrophomonas maltophilia strain EA1 Contig_1_consensus_ctg_5_15_2, whole genome shotgun sequence
meslier_reads/nanopore_subsamp.fq	release89/bacteria/RS_GCF_002214725.1_genomic.fna.gz	0.0419	0.0848	98.80	0.028	97.06-100.69	0.028	0.01-0.05	1	1.014	441/23006	88.02	NZ_CP016316.1 Bacillus cereus strain M3, complete sequence
meslier_reads/nanopore_subsamp.fq	release89/bacteria/RS_GCF_000011965.2_genomic.fna.gz	0.0407	0.0695	97.25	0.027	94.08-97.63	0.027	0.03-0.06	1	1.013	227/19921	86.56	NC_003911.12 Ruegeria pomeroyi DSS-3, complete genome
meslier_reads/nanopore_subsamp.fq	release89/bacteria/RS_GCF_000019785.1_genomic.fna.gz	0.0402	0.0734	99.41	0.026	97.72-101.66	0.026	0.01-0.04	1	1.026	461/20725	88.45	NC_010524.1 Leptothrix cholodnii SP-6, complete genome
meslier_reads/pacbio_subsamp.fq	release89/bacteria/RS_GCF_000018945.1_genomic.fna.gz	11.7235	7.3093	99.81	36.000	NA-NA	HIGH	NA-NA	36	35.980	7577/8045	99.81	NC_011978.1 Thermotoga neapolitana DSM 4359, complete genome
meslier_reads/pacbio_subsamp.fq	release89/bacteria/RS_GCF_000010305.1_genomic.fna.gz	8.4670	12.9888	100.00	26.000	NA-NA	HIGH	NA-NA	26	25.676	20058/20062	100.00	NC_012489.1 Gemmatimonas aurantiaca T-27 DNA, complete genome
meslier_reads/pacbio_subsamp.fq	release89/bacteria/RS_GCF_000016545.1_genomic.fna.gz	7.8157	7.6801	99.84	24.000	NA-NA	HIGH	NA-NA	24	24.621	11360/11955	99.84	NC_009437.1 Caldicellulosiruptor saccharolyticus DSM 8903, complete genome
meslier_reads/pacbio_subsamp.fq	release89/bacteria/RS_GCF_000016785.1_genomic.fna.gz	7.4900	4.5185	100.00	23.000	NA-NA	HIGH	NA-NA	23	23.267	7807/7808	100.00	NC_009486.1 Thermotoga petrophila RKU-1, complete genome
meslier_reads/pacbio_subsamp.fq	release89/bacteria/RS_GCF_000021565.1_genomic.fna.gz	4.9043	3.2190	100.00	15.060	NA-NA	HIGH	NA-NA	14	15.060	8661/8662	100.00	NC_012440.1 Persephonella marina EX-H1, complete genome
meslier_reads/pacbio_subsamp.fq	release89/archaea/RS_GCF_000091665.1_genomic.fna.gz	4.7783	2.7505	99.99	14.673	NA-NA	HIGH	NA-NA	14	14.673	7441/7457	99.99	NC_000909.1 Methanocaldococcus jannaschii DSM 2661, complete genome
meslier_reads/pacbio_subsamp.fq	release89/archaea/RS_GCF_000166095.1_genomic.fna.gz	4.5810	1.8843	100.00	14.067	NA-NA	HIGH	NA-NA	14	14.067	5279/5284	100.00	NC_014658.1 Methanothermus fervidus DSM 2088, complete genome
meslier_reads/pacbio_subsamp.fq	release89/bacteria/RS_GCF_000020465.1_genomic.fna.gz	3.9460	3.6073	100.00	12.117	NA-NA	HIGH	NA-NA	12	12.117	11378/11393	100.00	NC_010803.1 Chlorobium limicola DSM 245, complete genome
meslier_reads/pacbio_subsamp.fq	release89/archaea/RS_GCF_000006805.1_genomic.fna.gz	3.8101	3.2408	100.00	11.700	NA-NA	HIGH	NA-NA	11	11.700	9548/9551	100.00	NC_002607.1 Halobacterium sp. NRC-1, complete genome
meslier_reads/pacbio_subsamp.fq	release89/bacteria/RS_GCF_900167395.1_genomic.fna.gz	3.1091	2.8144	99.98	9.547	NA-NA	HIGH	NA-NA	9	9.547	11649/11710	99.98	NZ_FUWK01000085.1 Nitrosomonas europaea strain ATCC 25978, whole genome shotgun sequence
meslier_reads/pacbio_subsamp.fq	release89/archaea/RS_GCF_001639275.1_genomic.fna.gz	2.9550	2.0925	100.00	9.074	NA-NA	HIGH	NA-NA	9	9.074	8844/8846	100.00	NZ_LWMU01000001.1 Methanobrevibacter oralis strain DSM 7256 MBORA_contig000001, whole genome shotgun sequence
meslier_reads/pacbio_subsamp.fq	release89/bacteria/RS_GCF_000178875.2_genomic.fna.gz	2.7073	4.8085	98.58	8.313	NA-NA	HIGH	NA-NA	8	8.313	14324/22299	98.58	NC_016901.1 Shewanella baltica OS678, complete genome
meslier_reads/pacbio_subsamp.fq	release89/bacteria/RS_GCF_002952055.1_genomic.fna.gz	2.6783	2.4584	100.00	8.225	NA-NA	HIGH	NA-NA	8	8.225	11431/11441	100.00	NZ_CP021255.1 Desulfobulbus sp. ORNL chromosome, complete genome
meslier_reads/pacbio_subsamp.fq	release89/bacteria/RS_GCF_000196115.1_genomic.fna.gz	2.3575	5.5731	100.00	7.239	NA-NA	HIGH	NA-NA	7	7.239	30321/30348	100.00	NC_005027.1 Rhodopirellula baltica SH 1 chromosome, complete genome
meslier_reads/pacbio_subsamp.fq	release89/bacteria/GB_GCA_000018565.1_genomic.fna.gz	2.2405	5.0295	99.99	6.880	NA-NA	HIGH	NA-NA	7	6.880	28256/28302	99.99	CP000875.1 Herpetosiphon aurantiacus DSM 785, complete genome
meslier_reads/pacbio_subsamp.fq	release89/bacteria/RS_GCF_000019085.1_genomic.fna.gz	2.2160	1.7322	99.99	6.805	NA-NA	HIGH	NA-NA	7	6.805	9364/9389	99.99	NC_010321.1 Thermoanaerobacter pseudethanolicus ATCC 33223, complete genome
meslier_reads/pacbio_subsamp.fq	release89/archaea/RS_GCF_000011105.1_genomic.fna.gz	2.1981	1.2642	99.97	6.750	NA-NA	HIGH	NA-NA	7	6.750	7488/7564	99.97	NC_000961.1 Pyrococcus horikoshii OT3 DNA, complete genome
meslier_reads/pacbio_subsamp.fq	release89/bacteria/RS_GCF_001645105.1_genomic.fna.gz	2.0104	4.3995	98.49	6.173	NA-NA	HIGH	NA-NA	6	6.173	17686/28352	98.49	NZ_LKEG01000001.1 Pseudomonas marginalis strain ICMP 3553 C1001, whole genome shotgun sequence
meslier_reads/pacbio_subsamp.fq	release89/bacteria/RS_GCF_002910975.1_genomic.fna.gz	1.7342	3.8122	97.00	5.325	NA-NA	HIGH	NA-NA	5	5.325	11062/28398	97.00	NZ_PISL01000001.1 Pseudomonas hunanensis strain P11 scaffold1, whole genome shotgun sequence
meslier_reads/pacbio_subsamp.fq	release89/bacteria/RS_GCF_000016085.1_genomic.fna	1.5456	1.0057	99.98	4.746	NA-NA	HIGH	NA-NA	4	4.746	8307/8371	99.98	NC_009337.1 Chlorobium phaeovibrioides DSM 265, complete genome
meslier_reads/pacbio_subsamp.fq	release89/bacteria/RS_GCF_000007325.1_genomic.fna.gz	1.5282	1.0994	99.95	4.693	NA-NA	HIGH	NA-NA	5	4.693	8941/9067	99.95	NC_003454.1 Fusobacterium nucleatum subsp. nucleatum ATCC 25586 chromosome, complete genome
meslier_reads/pacbio_subsamp.fq	release89/bacteria/RS_GCF_000015125.1_genomic.fna.gz	1.5012	1.5564	99.92	4.610	NA-NA	HIGH	NA-NA	4	4.610	12422/12718	99.92	NC_008639.1 Chlorobium phaeobacteroides DSM 266, complete genome
meslier_reads/pacbio_subsamp.fq	release89/bacteria/RS_GCF_000006985.1_genomic.fna.gz	1.4428	1.0286	99.94	4.430	NA-NA	HIGH	NA-NA	4	4.430	9018/9193	99.94	NC_002932.3 Chlorobium tepidum TLS chromosome, complete genome
meslier_reads/pacbio_subsamp.fq	release89/archaea/RS_GCF_001481685.1_genomic.fna.gz	1.3863	0.6396	99.95	4.257	NA-NA	HIGH	NA-NA	4	4.257	5884/5983	99.95	NZ_CP006867.1 Ignicoccus islandicus DSM 13165, complete genome
meslier_reads/pacbio_subsamp.fq	release89/bacteria/RS_GCF_000156375.1_genomic.fna.gz	0.9356	0.8874	99.74	2.873	NA-NA	HIGH	NA-NA	3	2.873	11180/12133	99.74	NZ_DS996397.1 Desulfovibrio piger ATCC 29098 Scfld442, whole genome shotgun sequence
meslier_reads/pacbio_subsamp.fq	release89/bacteria/RS_GCF_000013645.1_genomic.fna.gz	0.6405	2.0621	99.93	1.967	99.91-99.95	1.967	1.93-2.01	2	2.340	35076/41361	99.47	NC_007951.1 Paraburkholderia xenovorans LB400 chromosome 1, complete sequence
meslier_reads/pacbio_subsamp.fq	release89/bacteria/RS_GCF_000020225.1_genomic.fna.gz	0.6160	0.5429	100.00	1.892	100.09-100.19	1.892	1.79-1.97	2	2.494	10177/11412	99.63	NC_010655.1 Akkermansia muciniphila ATCC BAA-835, complete genome
meslier_reads/pacbio_subsamp.fq	release89/archaea/RS_GCF_000016125.1_genomic.fna.gz	0.6063	0.3589	100.00	1.862	99.95-100.06	1.862	1.78-1.97	2	2.419	6424/7519	99.49	NC_009135.1 Methanococcus maripaludis C5, complete genome
meslier_reads/pacbio_subsamp.fq	release89/archaea/RS_GCF_002945325.1_genomic.fna.gz	0.5853	0.3321	96.24	1.797	96.07-96.39	1.797	1.58-1.99	2	2.453	1868/7296	95.70	NZ_CP026606.1 Methanococcus maripaludis strain DSM 2067 chromosome, complete genome
meslier_reads/pacbio_subsamp.fq	release89/bacteria/RS_GCF_000012825.1_genomic.fna.gz	0.5721	0.9772	99.91	1.757	99.88-99.95	1.757	1.70-1.80	2	2.102	17154/21133	99.33	NC_009614.1 Bacteroides vulgatus ATCC 8482, complete genome
meslier_reads/pacbio_subsamp.fq	release89/bacteria/RS_GCF_000009705.1_genomic.fna.gz	0.5438	1.2974	99.87	1.670	99.83-99.91	1.670	1.63-1.71	2	2.469	23960/30485	99.23	NC_003272.1 Nostoc sp. PCC 7120 DNA, complete genome
meslier_reads/pacbio_subsamp.fq	release89/bacteria/RS_GCF_000018865.1_genomic.fna.gz	0.4927	0.8571	100.00	1.513	99.98-100.05	1.513	1.46-1.55	2	1.914	17472/22107	99.24	NC_010175.1 Chloroflexus aurantiacus J-10-fl chromosome, complete genome
meslier_reads/pacbio_subsamp.fq	release89/archaea/GB_GCA_000007185.1_genomic.fna.gz	0.4719	0.2646	99.98	1.449	99.91-100.06	1.449	1.38-1.51	2	1.849	5701/7420	99.15	AE009439.1 Methanopyrus kandleri AV19, complete genome
meslier_reads/pacbio_subsamp.fq	release89/bacteria/RS_GCF_000018265.1_genomic.fna	0.4112	0.7872	99.60	1.263	99.56-99.65	1.263	1.23-1.30	2	1.794	15726/24521	98.58	NC_009953.1 Salinispora arenicola CNS-205, complete genome
meslier_reads/pacbio_subsamp.fq	release89/archaea/GB_GCA_000015805.1_genomic.fna.gz	0.4072	0.2707	100.00	1.250	99.80-100.49	1.250	1.18-1.98	2	1.993	7015/8605	99.34	CP000561.1 Pyrobaculum calidifontis JCM 11548, complete genome
meslier_reads/pacbio_subsamp.fq	release89/archaea/RS_GCF_000017945.1_genomic.fna.gz	0.4008	0.1720	100.00	1.231	99.93-100.11	1.231	1.16-1.29	2	1.775	4097/5692	98.94	NC_009776.1 Ignicoccus hospitalis KIN4/I, complete genome
meslier_reads/pacbio_subsamp.fq	release89/archaea/RS_GCF_000008665.1_genomic.fna.gz	0.3957	0.2852	100.00	1.215	99.94-100.07	1.215	1.16-1.26	1	1.729	6614/9304	98.91	NC_000917.1 Archaeoglobus fulgidus DSM 4304, complete genome
meslier_reads/pacbio_subsamp.fq	release89/bacteria/RS_GCF_000008565.1_genomic.fna.gz	0.3482	0.3783	99.91	1.069	99.84-99.99	1.069	1.02-1.10	1	1.643	8928/13818	98.60	NC_001263.1 Deinococcus radiodurans R1 chromosome 1, complete sequence
meslier_reads/pacbio_subsamp.fq	release89/bacteria/RS_GCF_000020325.1_genomic.fna.gz	0.3261	0.1983	100.00	1.001	100.21-100.38	1.001	0.95-1.05	1	1.639	5272/7492	98.87	NC_010730.1 Sulfurihydrogenibium sp. YO3AOP1, complete genome
meslier_reads/pacbio_subsamp.fq	release89/bacteria/RS_GCF_000016425.1_genomic.fna.gz	0.2954	0.5066	99.82	0.907	99.76-99.89	0.907	0.88-0.93	1	1.533	12522/21909	98.21	NC_009380.1 Salinispora tropica CNB-440, complete genome
meslier_reads/pacbio_subsamp.fq	release89/bacteria/RS_GCF_000011065.1_genomic.fna.gz	0.2689	0.5599	99.94	0.826	99.88-100.01	0.826	0.80-0.85	1	1.502	14988/26733	98.15	NC_004663.1 Bacteroides thetaiotaomicron VPI-5482 chromosome, complete genome
meslier_reads/pacbio_subsamp.fq	release89/bacteria/RS_GCF_000007985.2_genomic.fna.gz	0.2446	0.3087	99.71	0.751	99.62-99.82	0.751	0.72-0.78	1	1.407	8075/16461	97.73	NC_002939.5 Geobacter sulfurreducens PCA chromosome, complete genome
meslier_reads/pacbio_subsamp.fq	release89/bacteria/RS_GCF_000016065.1_genomic.fna.gz	0.2262	0.3444	100.00	0.695	99.91-100.08	0.695	0.67-0.72	1	1.443	9928/19501	97.85	NC_009092.1 Shewanella loihica PV-4, complete genome
meslier_reads/pacbio_subsamp.fq	release89/bacteria/RS_GCF_000008185.1_genomic.fna.gz	0.2248	0.2115	99.88	0.690	99.74-99.97	0.690	0.67-0.73	1	1.378	5972/12251	97.71	NC_002967.9 Treponema denticola ATCC 35405 chromosome, complete genome
meslier_reads/pacbio_subsamp.fq	release89/bacteria/RS_GCF_000196135.1_genomic.fna.gz	0.2134	0.1490	100.00	0.655	100.46-100.74	0.655	0.62-0.69	1	1.363	5342/9066	98.31	NC_005090.1 Wolinella succinogenes DSM 1740, complete genome
meslier_reads/pacbio_subsamp.fq	release89/bacteria/RS_GCF_000010505.1_genomic.fna.gz	0.1870	0.1457	100.00	0.574	99.84-100.15	0.574	0.53-0.61	1	1.319	4159/9305	97.44	NC_010729.1 Porphyromonas gingivalis ATCC 33277 DNA, complete genome
meslier_reads/pacbio_subsamp.fq	release89/bacteria/RS_GCF_000022565.1_genomic.fna.gz	0.1856	0.2534	99.73	0.570	99.61-99.87	0.570	0.54-0.60	1	1.331	7218/17757	97.14	NC_012483.1 Acidobacterium capsulatum ATCC 51196, complete genome
meslier_reads/pacbio_subsamp.fq	release89/archaea/GB_GCA_000007225.1_genomic.fna.gz	0.1764	0.1297	98.63	0.542	98.45-98.84	0.542	0.50-0.59	1	1.264	2594/9340	95.95	AE009441.1 Pyrobaculum aerophilum str. IM2, complete genome
meslier_reads/pacbio_subsamp.fq	release89/bacteria/RS_GCF_000392875.1_genomic.fna.gz	0.1273	0.1213	98.69	0.391	98.47-98.94	0.391	0.36-0.42	1	1.172	2680/12252	95.22	NZ_KB944588.1 Enterococcus faecalis ATCC 19433 acAqW-supercont1.1, whole genome shotgun sequence
meslier_reads/pacbio_subsamp.fq	release89/bacteria/GB_GCA_001525555.2_genomic.fna.gz	0.1013	0.1386	99.95	0.311	99.81-100.22	0.311	0.28-0.33	1	1.176	4268/15895	95.85	LRIH02000004.1 Bordetella pertussis 18323 strain FDAARGOS_178 unitig_0_quiver_pilon, whole genome shotgun sequence
meslier_reads/pacbio_subsamp.fq	release89/bacteria/RS_GCF_000014425.1_genomic.fna.gz	0.0933	0.0585	95.11	0.287	94.37-95.82	0.287	0.22-0.37	1	1.125	407/7578	91.00	NC_008530.1 Lactobacillus gasseri ATCC 33323, complete genome
meslier_reads/pacbio_subsamp.fq	release89/bacteria/RS_GCF_000022325.1_genomic.fna.gz	0.0914	0.0886	100.00	0.281	100.23-100.66	0.281	0.25-0.30	1	0.994	3792/11857	96.39	NC_012034.1 Caldicellulosiruptor bescii DSM 6725, complete genome
meslier_reads/pacbio_subsamp.fq	release89/bacteria/RS_GCF_000020785.1_genomic.fna.gz	0.0813	0.0419	100.00	0.250	99.87-100.62	0.250	0.22-0.28	1	1.124	1570/6551	95.50	NC_011126.1 Hydrogenobaculum sp. Y04AAS1, complete genome
meslier_reads/pacbio_subsamp.fq	release89/bacteria/GB_GCA_002950215.1_genomic.fna.gz	0.0762	0.1245	98.96	0.234	98.68-99.26	0.234	0.21-0.25	1	1.130	2944/19120	94.14	CP026788.1 Shigella flexneri 2a strain ATCC 29903 chromosome, complete genome
meslier_reads/pacbio_subsamp.fq	release89/bacteria/RS_GCF_002799245.1_genomic.fna.gz	0.0658	0.1033	98.14	0.202	97.70-98.51	0.202	0.18-0.22	1	1.112	2153/20624	92.97	NZ_NEQV01000001.1 Stenotrophomonas maltophilia strain EA1 Contig_1_consensus_ctg_5_15_2, whole genome shotgun sequence
meslier_reads/pacbio_subsamp.fq	release89/bacteria/RS_GCF_002811175.1_genomic.fna.gz	0.0608	0.0801	96.98	0.187	96.37-97.50	0.187	0.16-0.22	1	1.116	1147/17078	91.66	NZ_MJHA01000001.1 Acinetobacter baumannii ATCC 19606 = CIP 70.34 = JCM 6841 strain ATCC 19606 map unlocalized plasmid unnamed1 NODE_10_length_8663_cov_4032.66_ID_4757, whole genome shotgun sequence
meslier_reads/pacbio_subsamp.fq	release89/bacteria/RS_GCF_000009105.1_genomic.fna.gz	0.0598	0.0432	98.25	0.184	97.59-98.84	0.184	0.15-0.23	1	1.087	881/8898	92.81	NC_003116.1 Neisseria meningitidis serogroup A strain Z2491 complete genome
meslier_reads/pacbio_subsamp.fq	release89/bacteria/RS_GCF_000019785.1_genomic.fna.gz	0.0550	0.0893	98.50	0.169	98.02-98.96	0.169	0.14-0.19	1	1.111	2062/20725	92.83	NC_010524.1 Leptothrix cholodnii SP-6, complete genome
meslier_reads/pacbio_subsamp.fq	release89/bacteria/RS_GCF_000015865.1_genomic.fna.gz	0.0451	0.0573	100.00	0.138	99.56-100.55	0.138	0.12-0.16	1	1.081	2105/15718	93.72	NC_009012.1 Ruminiclostridium thermocellum ATCC 27405, complete genome
meslier_reads/pacbio_subsamp.fq	release89/archaea/RS_GCF_000308215.1_genomic.fna.gz	0.0447	0.0387	100.00	0.137	101.24-102.05	0.137	0.12-0.15	1	1.076	2445/11312	95.18	NZ_CAJE01000026.1 Methanomassiliicoccus luminyensis B10, whole genome shotgun sequence
meslier_reads/pacbio_subsamp.fq	release89/bacteria/RS_GCF_003030305.1_genomic.fna.gz	0.0442	0.0365	96.62	0.136	95.73-97.52	0.136	0.10-0.18	1	1.064	472/10561	90.46	NZ_CP023676.1 Cutibacterium acnes strain ATCC 6919 chromosome, complete genome
meslier_reads/pacbio_subsamp.fq	release89/bacteria/RS_GCF_000021645.1_genomic.fna.gz	0.0415	0.0255	100.00	0.128	101.54-102.57	0.128	0.11-0.15	1	1.061	1802/7811	95.38	NC_011661.1 Dictyoglomus turgidum DSM 6724 chromosome, complete genome
meslier_reads/pacbio_subsamp.fq	release89/bacteria/RS_GCF_000012905.2_genomic.fna.gz	0.0321	0.0489	98.28	0.099	97.58-98.92	0.099	0.08-0.12	1	1.047	1107/19737	91.13	NC_007493.2 Rhodobacter sphaeroides 2.4.1 chromosome 1, complete sequence
meslier_reads/pacbio_subsamp.fq	release89/bacteria/RS_GCF_002214725.1_genomic.fna.gz	0.0214	0.0386	95.08	0.066	93.80-97.27	0.066	0.03-0.10	1	1.032	314/23006	87.06	NZ_CP016316.1 Bacillus cereus strain M3, complete sequence
meslier_reads/pacbio_subsamp.fq	release89/archaea/RS_GCF_000007305.1_genomic.fna.gz	0.0201	0.0127	100.00	0.062	99.25-101.90	0.062	0.04-0.09	1	1.416	577/8127	91.82	NC_003413.1 Pyrococcus furiosus DSM 3638, complete genome
meslier_reads/pacbio_subsamp.fq	release89/bacteria/RS_GCF_000017205.1_genomic.fna.gz	0.0136	0.0296	100.00	0.042	100.79-102.78	0.042	0.03-0.06	1	1.338	2010/27726	91.88	NC_009656.1 Pseudomonas aeruginosa PA7, complete genome
meslier_reads/pacbio_subsamp.fq	release89/bacteria/RS_GCF_002006445.1_genomic.fna.gz	0.0099	0.0189	97.43	0.030	95.63-99.05	0.030	0.02-0.05	1	1.009	337/24583	87.08	NZ_LZZC01000001.1 Clostridium beijerinckii strain DSM 791 CLBEI_contig000001, whole genome shotgun sequence
meslier_reads/pacbio_subsamp.fq	release89/archaea/RS_GCF_000011205.1_genomic.fna.gz	0.0088	0.0079	100.00	0.027	100.47-104.46	0.027	0.01-0.04	1	1.035	599/11373	90.94	NC_003106.2 Sulfolobus tokodaii str. 7 DNA, complete genome
meslier_reads/pacbio_subsamp.fq	release89/bacteria/RS_GCF_000375505.1_genomic.fna.gz	0.0043	0.0028	100.00	0.013	101.56-104.87	0.013	0.01-0.03	1	0.998	462/8634	90.99	NZ_AQWT01000001.1 Streptococcus mutans DSM 20523 B093DRAFT_scaffold_0.1_C, whole genome shotgun sequence
