Sample_file	Genome_file	Adjusted_ANI	Eff_cov	ANI_5-95_percentile	Eff_lambda	Lambda_5-95_percentile	Median_cov	Mean_cov_geq1	Containment_ind	Naive_ANI	Contig_name
chng_reads/SRR1950696_1.fastq.gz	../sylph-test/refs/m.restrica.fa	89.07	0.171	87.91-90.53	0.171	0.10-0.27	1	1.479	142/31580	84.00	NC_040193.1 Malassezia restricta chromosome I, complete sequence
chng_reads/SRR1950686_1.fastq.gz	../sylph-test/refs/m.restrica.fa	90.86	0.083	89.40-92.52	0.083	0.04-0.13	1	1.150	133/31580	83.82	NC_040193.1 Malassezia restricta chromosome I, complete sequence
chng_reads/SRR1950686_1.fastq.gz	../sylph-test/refs/m.globosa.fa	84.48	0.188	81.95-85.20	0.188	0.14-0.40	1	1.167	36/38437	79.86	NW_001849832.1 Malassezia globosa CBS 7966 MGL_SF_1028.1, whole genome shotgun sequence
chng_reads/SRR1950688_1.fastq.gz	../sylph-test/refs/m.restrica.fa	87.38	0.437	86.53-88.53	0.437	0.27-0.63	1	1.744	180/31580	84.65	NC_040193.1 Malassezia restricta chromosome I, complete sequence
chng_reads/SRR1950688_1.fastq.gz	../sylph-test/refs/m.globosa.fa	82.64	0.400	81.06-83.91	0.400	0.22-0.80	1	1.457	35/38437	79.78	NW_001849832.1 Malassezia globosa CBS 7966 MGL_SF_1028.1, whole genome shotgun sequence
chng_reads/SRR1950690_1.fastq.gz	../sylph-test/refs/m.restrica.fa	92.69	0.495	92.30-93.03	0.495	0.42-0.58	1	1.958	1341/31580	90.31	NC_040193.1 Malassezia restricta chromosome I, complete sequence
chng_reads/SRR1950690_1.fastq.gz	../sylph-test/refs/m.globosa.fa	88.70	0.595	88.15-89.26	0.595	0.49-0.73	1	1.916	453/38437	86.65	NW_001849832.1 Malassezia globosa CBS 7966 MGL_SF_1028.1, whole genome shotgun sequence
chng_reads/SRR1950708_1.fastq.gz	../sylph-test/refs/m.globosa.fa	95.73	0.437	95.50-95.95	0.437	0.40-0.48	2	2.355	4232/38437	93.13	NW_001849832.1 Malassezia globosa CBS 7966 MGL_SF_1028.1, whole genome shotgun sequence
chng_reads/SRR1950708_1.fastq.gz	../sylph-test/refs/m.restrica.fa	91.14	0.416	90.59-91.67	0.416	0.33-0.51	1	2.036	730/31580	88.56	NC_040193.1 Malassezia restricta chromosome I, complete sequence
chng_reads/SRR1950707_1.fastq.gz	../sylph-test/refs/m.globosa.fa	99.94	50.000	NA-NA	HIGH	NA-NA	50	49.956	37725/38437	99.94	NW_001849832.1 Malassezia globosa CBS 7966 MGL_SF_1028.1, whole genome shotgun sequence
chng_reads/SRR1950707_1.fastq.gz	../sylph-test/refs/m.restrica.fa	99.45	3.000	NA-NA	HIGH	NA-NA	3	3.181	26630/31580	99.45	NC_040193.1 Malassezia restricta chromosome I, complete sequence
chng_reads/SRR1950702_1.fastq.gz	../sylph-test/refs/m.globosa.fa	98.90	0.294	98.71-99.08	0.294	0.27-0.31	1	1.387	7369/38437	94.81	NW_001849832.1 Malassezia globosa CBS 7966 MGL_SF_1028.1, whole genome shotgun sequence
chng_reads/SRR1950702_1.fastq.gz	../sylph-test/refs/m.restrica.fa	93.01	0.330	92.46-93.48	0.330	0.28-0.41	1	1.755	1086/31580	89.70	NC_040193.1 Malassezia restricta chromosome I, complete sequence
chng_reads/SRR1950700_1.fastq.gz	../sylph-test/refs/m.globosa.fa	93.74	0.543	93.48-93.98	0.543	0.49-0.59	2	2.396	2546/38437	91.62	NW_001849832.1 Malassezia globosa CBS 7966 MGL_SF_1028.1, whole genome shotgun sequence
chng_reads/SRR1950700_1.fastq.gz	../sylph-test/refs/m.restrica.fa	91.55	0.540	91.18-91.82	0.540	0.47-0.64	2	2.333	984/31580	89.41	NC_040193.1 Malassezia restricta chromosome I, complete sequence
chng_reads/SRR1950717_1.fastq.gz	../sylph-test/refs/m.globosa.fa	95.07	3.000	NA-NA	HIGH	NA-NA	3	3.999	8020/38437	95.07	NW_001849832.1 Malassezia globosa CBS 7966 MGL_SF_1028.1, whole genome shotgun sequence
chng_reads/SRR1950717_1.fastq.gz	../sylph-test/refs/m.restrica.fa	94.00	3.000	NA-NA	HIGH	NA-NA	3	3.865	4642/31580	94.00	NC_040193.1 Malassezia restricta chromosome I, complete sequence
chng_reads/SRR1950714_1.fastq.gz	../sylph-test/refs/m.restrica.fa	97.78	3.000	NA-NA	HIGH	NA-NA	3	4.068	15746/31580	97.78	NC_040193.1 Malassezia restricta chromosome I, complete sequence
chng_reads/SRR1950714_1.fastq.gz	../sylph-test/refs/m.globosa.fa	93.21	3.000	NA-NA	HIGH	NA-NA	3	3.086	4342/38437	93.21	NW_001849832.1 Malassezia globosa CBS 7966 MGL_SF_1028.1, whole genome shotgun sequence
chng_reads/SRR1950693_1.fastq.gz	../sylph-test/refs/m.restrica.fa	99.62	4.000	NA-NA	HIGH	NA-NA	4	5.493	28094/31580	99.62	NC_040193.1 Malassezia restricta chromosome I, complete sequence
chng_reads/SRR1950693_1.fastq.gz	../sylph-test/refs/m.globosa.fa	99.03	0.892	98.97-99.10	0.892	0.86-0.91	1	1.589	17060/38437	97.41	NW_001849832.1 Malassezia globosa CBS 7966 MGL_SF_1028.1, whole genome shotgun sequence
chng_reads/SRR1950718_1.fastq.gz	../sylph-test/refs/m.restrica.fa	96.51	5.000	NA-NA	HIGH	NA-NA	5	5.900	10487/31580	96.51	NC_040193.1 Malassezia restricta chromosome I, complete sequence
chng_reads/SRR1950718_1.fastq.gz	../sylph-test/refs/m.globosa.fa	95.44	5.000	NA-NA	HIGH	NA-NA	5	5.884	9046/38437	95.44	NW_001849832.1 Malassezia globosa CBS 7966 MGL_SF_1028.1, whole genome shotgun sequence
chng_reads/SRR1950712_1.fastq.gz	../sylph-test/refs/m.restrica.fa	99.66	1.225	99.61-99.70	1.225	1.19-1.26	2	1.861	20277/31580	98.58	NC_040193.1 Malassezia restricta chromosome I, complete sequence
chng_reads/SRR1950712_1.fastq.gz	../sylph-test/refs/m.globosa.fa	98.35	0.388	98.21-98.52	0.388	0.37-0.41	1	1.226	7549/38437	94.89	NW_001849832.1 Malassezia globosa CBS 7966 MGL_SF_1028.1, whole genome shotgun sequence
chng_reads/SRR1950689_1.fastq.gz	../sylph-test/refs/m.restrica.fa	98.26	0.103	97.77-98.82	0.103	0.09-0.12	1	1.059	1832/31580	91.22	NC_040193.1 Malassezia restricta chromosome I, complete sequence
chng_reads/SRR1950689_1.fastq.gz	../sylph-test/refs/m.globosa.fa	94.44	0.107	93.70-95.36	0.107	0.08-0.14	1	1.093	687/38437	87.83	NW_001849832.1 Malassezia globosa CBS 7966 MGL_SF_1028.1, whole genome shotgun sequence
chng_reads/SRR1950703_1.fastq.gz	../sylph-test/refs/m.restrica.fa	99.48	3.000	NA-NA	HIGH	NA-NA	3	3.800	26908/31580	99.48	NC_040193.1 Malassezia restricta chromosome I, complete sequence
chng_reads/SRR1950703_1.fastq.gz	../sylph-test/refs/m.globosa.fa	99.37	4.000	NA-NA	HIGH	NA-NA	4	4.667	31583/38437	99.37	NW_001849832.1 Malassezia globosa CBS 7966 MGL_SF_1028.1, whole genome shotgun sequence
chng_reads/SRR1950701_1.fastq.gz	../sylph-test/refs/m.globosa.fa	99.82	5.000	NA-NA	HIGH	NA-NA	5	5.068	36367/38437	99.82	NW_001849832.1 Malassezia globosa CBS 7966 MGL_SF_1028.1, whole genome shotgun sequence
chng_reads/SRR1950701_1.fastq.gz	../sylph-test/refs/m.restrica.fa	99.58	4.000	NA-NA	HIGH	NA-NA	4	4.577	27702/31580	99.58	NC_040193.1 Malassezia restricta chromosome I, complete sequence
chng_reads/SRR1950704_1.fastq.gz	../sylph-test/refs/m.globosa.fa	97.69	0.514	97.54-97.84	0.514	0.48-0.54	2	2.176	8996/38437	95.42	NW_001849832.1 Malassezia globosa CBS 7966 MGL_SF_1028.1, whole genome shotgun sequence
chng_reads/SRR1950704_1.fastq.gz	../sylph-test/refs/m.restrica.fa	90.77	0.394	90.18-91.28	0.394	0.32-0.50	1	1.979	624/31580	88.11	NC_040193.1 Malassezia restricta chromosome I, complete sequence
chng_reads/SRR1950719_1.fastq.gz	../sylph-test/refs/m.restrica.fa	96.13	0.936	96.02-96.23	0.936	0.88-0.99	1	1.699	5722/31580	94.64	NC_040193.1 Malassezia restricta chromosome I, complete sequence
chng_reads/SRR1950719_1.fastq.gz	../sylph-test/refs/m.globosa.fa	93.95	0.897	93.81-94.12	0.897	0.83-0.95	1	1.659	3356/38437	92.44	NW_001849832.1 Malassezia globosa CBS 7966 MGL_SF_1028.1, whole genome shotgun sequence
chng_reads/SRR1950699_1.fastq.gz	../sylph-test/refs/m.globosa.fa	99.81	7.000	NA-NA	HIGH	NA-NA	7	6.871	36187/38437	99.81	NW_001849832.1 Malassezia globosa CBS 7966 MGL_SF_1028.1, whole genome shotgun sequence
chng_reads/SRR1950699_1.fastq.gz	../sylph-test/refs/m.restrica.fa	99.55	3.000	NA-NA	HIGH	NA-NA	3	4.740	27459/31580	99.55	NC_040193.1 Malassezia restricta chromosome I, complete sequence
chng_reads/SRR1950711_1.fastq.gz	../sylph-test/refs/m.globosa.fa	97.59	0.854	97.50-97.67	0.854	0.82-0.89	1	1.624	10531/38437	95.91	NW_001849832.1 Malassezia globosa CBS 7966 MGL_SF_1028.1, whole genome shotgun sequence
chng_reads/SRR1950711_1.fastq.gz	../sylph-test/refs/m.restrica.fa	96.87	0.718	96.72-97.00	0.718	0.67-0.76	1	1.493	6135/31580	94.85	NC_040193.1 Malassezia restricta chromosome I, complete sequence
chng_reads/SRR1950709_1.fastq.gz	../sylph-test/refs/m.globosa.fa	99.90	11.000	NA-NA	HIGH	NA-NA	11	10.775	37268/38437	99.90	NW_001849832.1 Malassezia globosa CBS 7966 MGL_SF_1028.1, whole genome shotgun sequence
chng_reads/SRR1950709_1.fastq.gz	../sylph-test/refs/m.restrica.fa	99.68	1.530	99.64-99.72	1.530	1.49-1.57	2	2.204	22674/31580	98.94	NC_040193.1 Malassezia restricta chromosome I, complete sequence
chng_reads/SRR1950715_1.fastq.gz	../sylph-test/refs/m.restrica.fa	97.41	0.970	97.32-97.51	0.970	0.92-1.01	1	1.706	8822/31580	95.97	NC_040193.1 Malassezia restricta chromosome I, complete sequence
chng_reads/SRR1950715_1.fastq.gz	../sylph-test/refs/m.globosa.fa	91.59	0.754	91.35-91.78	0.754	0.69-0.83	1	1.457	1383/38437	89.83	NW_001849832.1 Malassezia globosa CBS 7966 MGL_SF_1028.1, whole genome shotgun sequence
chng_reads/SRR1950695_1.fastq.gz	../sylph-test/refs/m.restrica.fa	99.52	0.384	99.40-99.65	0.384	0.36-0.40	1	1.227	8855/31580	95.98	NC_040193.1 Malassezia restricta chromosome I, complete sequence
chng_reads/SRR1950695_1.fastq.gz	../sylph-test/refs/m.globosa.fa	95.43	0.086	94.42-96.41	0.086	0.06-0.12	1	1.228	766/38437	88.13	NW_001849832.1 Malassezia globosa CBS 7966 MGL_SF_1028.1, whole genome shotgun sequence
chng_reads/SRR1950710_1.fastq.gz	../sylph-test/refs/m.globosa.fa	99.53	1.476	99.49-99.56	1.476	1.44-1.52	2	2.259	25864/38437	98.73	NW_001849832.1 Malassezia globosa CBS 7966 MGL_SF_1028.1, whole genome shotgun sequence
chng_reads/SRR1950710_1.fastq.gz	../sylph-test/refs/m.restrica.fa	99.25	0.654	99.16-99.34	0.654	0.63-0.68	1	1.422	12188/31580	96.98	NC_040193.1 Malassezia restricta chromosome I, complete sequence
chng_reads/SRR1950691_1.fastq.gz	../sylph-test/refs/m.restrica.fa	99.71	5.000	NA-NA	HIGH	NA-NA	5	6.010	28890/31580	99.71	NC_040193.1 Malassezia restricta chromosome I, complete sequence
chng_reads/SRR1950691_1.fastq.gz	../sylph-test/refs/m.globosa.fa	99.01	1.000	98.94-99.07	1.000	0.96-1.03	1	1.677	18096/38437	97.60	NW_001849832.1 Malassezia globosa CBS 7966 MGL_SF_1028.1, whole genome shotgun sequence
chng_reads/SRR1950716_1.fastq.gz	../sylph-test/refs/m.restrica.fa	97.49	0.814	97.40-97.60	0.814	0.78-0.85	1	1.614	8131/31580	95.72	NC_040193.1 Malassezia restricta chromosome I, complete sequence
chng_reads/SRR1950716_1.fastq.gz	../sylph-test/refs/m.globosa.fa	92.07	0.566	91.78-92.31	0.566	0.50-0.64	1	1.376	1326/38437	89.71	NW_001849832.1 Malassezia globosa CBS 7966 MGL_SF_1028.1, whole genome shotgun sequence
chng_reads/SRR1950713_1.fastq.gz	../sylph-test/refs/m.restrica.fa	98.44	0.650	98.33-98.56	0.650	0.62-0.68	1	1.468	9436/31580	96.18	NC_040193.1 Malassezia restricta chromosome I, complete sequence
chng_reads/SRR1950713_1.fastq.gz	../sylph-test/refs/m.globosa.fa	94.75	0.391	94.45-94.94	0.391	0.36-0.43	1	1.244	2406/38437	91.45	NW_001849832.1 Malassezia globosa CBS 7966 MGL_SF_1028.1, whole genome shotgun sequence
chng_reads/SRR1950705_1.fastq.gz	../sylph-test/refs/m.globosa.fa	99.93	34.000	NA-NA	HIGH	NA-NA	34	30.907	37647/38437	99.93	NW_001849832.1 Malassezia globosa CBS 7966 MGL_SF_1028.1, whole genome shotgun sequence
chng_reads/SRR1950705_1.fastq.gz	../sylph-test/refs/m.restrica.fa	99.75	1.501	99.70-99.79	1.501	1.46-1.55	2	2.216	22922/31580	98.97	NC_040193.1 Malassezia restricta chromosome I, complete sequence
chng_reads/SRR1950720_1.fastq.gz	../sylph-test/refs/m.restrica.fa	96.63	0.710	96.51-96.75	0.710	0.67-0.75	1	1.535	5646/31580	94.60	NC_040193.1 Malassezia restricta chromosome I, complete sequence
chng_reads/SRR1950720_1.fastq.gz	../sylph-test/refs/m.globosa.fa	94.37	0.761	94.21-94.57	0.761	0.71-0.81	1	1.479	3472/38437	92.54	NW_001849832.1 Malassezia globosa CBS 7966 MGL_SF_1028.1, whole genome shotgun sequence
chng_reads/SRR1950706_1.fastq.gz	../sylph-test/refs/m.globosa.fa	97.95	0.549	97.81-98.08	0.549	0.52-0.58	2	2.194	10030/38437	95.76	NW_001849832.1 Malassezia globosa CBS 7966 MGL_SF_1028.1, whole genome shotgun sequence
chng_reads/SRR1950706_1.fastq.gz	../sylph-test/refs/m.restrica.fa	91.72	0.488	91.28-92.13	0.488	0.41-0.57	2	2.480	957/31580	89.33	NC_040193.1 Malassezia restricta chromosome I, complete sequence
chng_reads/SRR1950737_1.fastq.gz	../sylph-test/refs/m.restrica.fa	99.34	0.663	99.26-99.44	0.663	0.64-0.69	1	1.426	12658/31580	97.09	NC_040193.1 Malassezia restricta chromosome I, complete sequence
chng_reads/SRR1950737_1.fastq.gz	../sylph-test/refs/m.globosa.fa	97.69	0.392	97.53-97.85	0.392	0.36-0.41	1	1.230	6177/38437	94.27	NW_001849832.1 Malassezia globosa CBS 7966 MGL_SF_1028.1, whole genome shotgun sequence
chng_reads/SRR1950740_1.fastq.gz	../sylph-test/refs/m.restrica.fa	99.80	1.847	99.77-99.84	1.847	1.79-1.90	2	2.474	25206/31580	99.28	NC_040193.1 Malassezia restricta chromosome I, complete sequence
chng_reads/SRR1950740_1.fastq.gz	../sylph-test/refs/m.globosa.fa	97.27	0.433	97.12-97.42	0.433	0.41-0.46	1	1.247	5862/38437	94.11	NW_001849832.1 Malassezia globosa CBS 7966 MGL_SF_1028.1, whole genome shotgun sequence
chng_reads/SRR1950744_1.fastq.gz	../sylph-test/refs/m.restrica.fa	99.26	4.000	NA-NA	HIGH	NA-NA	4	4.919	25064/31580	99.26	NC_040193.1 Malassezia restricta chromosome I, complete sequence
chng_reads/SRR1950744_1.fastq.gz	../sylph-test/refs/m.globosa.fa	95.88	1.788	95.80-95.95	1.788	1.71-1.85	2	2.729	8785/38437	95.35	NW_001849832.1 Malassezia globosa CBS 7966 MGL_SF_1028.1, whole genome shotgun sequence
chng_reads/SRR1950736_1.fastq.gz	../sylph-test/refs/m.restrica.fa	99.77	6.000	NA-NA	HIGH	NA-NA	6	6.004	29432/31580	99.77	NC_040193.1 Malassezia restricta chromosome I, complete sequence
chng_reads/SRR1950736_1.fastq.gz	../sylph-test/refs/m.globosa.fa	98.18	0.710	98.09-98.28	0.710	0.68-0.74	1	1.428	11258/38437	96.12	NW_001849832.1 Malassezia globosa CBS 7966 MGL_SF_1028.1, whole genome shotgun sequence
chng_reads/SRR1950728_1.fastq.gz	../sylph-test/refs/m.restrica.fa	98.78	0.779	98.70-98.86	0.779	0.75-0.81	1	1.632	11862/31580	96.89	NC_040193.1 Malassezia restricta chromosome I, complete sequence
chng_reads/SRR1950728_1.fastq.gz	../sylph-test/refs/m.globosa.fa	98.41	1.090	98.34-98.47	1.090	1.06-1.13	1	1.744	15739/38437	97.16	NW_001849832.1 Malassezia globosa CBS 7966 MGL_SF_1028.1, whole genome shotgun sequence
chng_reads/SRR1950743_1.fastq.gz	../sylph-test/refs/m.restrica.fa	99.18	1.137	99.12-99.24	1.137	1.11-1.17	2	2.001	16829/31580	97.99	NC_040193.1 Malassezia restricta chromosome I, complete sequence
chng_reads/SRR1950743_1.fastq.gz	../sylph-test/refs/m.globosa.fa	96.07	0.754	95.95-96.19	0.754	0.72-0.79	1	1.515	5995/38437	94.18	NW_001849832.1 Malassezia globosa CBS 7966 MGL_SF_1028.1, whole genome shotgun sequence
chng_reads/SRR1950730_1.fastq.gz	../sylph-test/refs/m.restrica.fa	98.81	0.478	98.71-98.93	0.478	0.46-0.50	1	1.278	8425/31580	95.83	NC_040193.1 Malassezia restricta chromosome I, complete sequence
chng_reads/SRR1950730_1.fastq.gz	../sylph-test/refs/m.globosa.fa	95.88	0.205	95.48-96.24	0.205	0.18-0.23	1	1.131	1992/38437	90.89	NW_001849832.1 Malassezia globosa CBS 7966 MGL_SF_1028.1, whole genome shotgun sequence
chng_reads/SRR1950722_1.fastq.gz	../sylph-test/refs/m.restrica.fa	99.72	1.372	99.68-99.76	1.372	1.34-1.40	2	1.929	21828/31580	98.82	NC_040193.1 Malassezia restricta chromosome I, complete sequence
chng_reads/SRR1950722_1.fastq.gz	../sylph-test/refs/m.globosa.fa	98.48	0.773	98.41-98.57	0.773	0.74-0.80	1	1.460	13105/38437	96.59	NW_001849832.1 Malassezia globosa CBS 7966 MGL_SF_1028.1, whole genome shotgun sequence
chng_reads/SRR1950745_1.fastq.gz	../sylph-test/refs/m.restrica.fa	98.15	0.593	98.04-98.25	0.593	0.57-0.62	1	1.427	8059/31580	95.69	NC_040193.1 Malassezia restricta chromosome I, complete sequence
chng_reads/SRR1950745_1.fastq.gz	../sylph-test/refs/m.globosa.fa	94.90	0.336	94.59-95.20	0.336	0.30-0.37	1	1.214	2233/38437	91.23	NW_001849832.1 Malassezia globosa CBS 7966 MGL_SF_1028.1, whole genome shotgun sequence
chng_reads/SRR1950726_1.fastq.gz	../sylph-test/refs/m.restrica.fa	99.68	1.716	99.64-99.73	1.716	1.66-1.76	2	2.255	23700/31580	99.08	NC_040193.1 Malassezia restricta chromosome I, complete sequence
chng_reads/SRR1950726_1.fastq.gz	../sylph-test/refs/m.globosa.fa	98.49	1.296	98.44-98.55	1.296	1.25-1.33	2	1.835	17636/38437	97.52	NW_001849832.1 Malassezia globosa CBS 7966 MGL_SF_1028.1, whole genome shotgun sequence
chng_reads/SRR1950738_1.fastq.gz	../sylph-test/refs/m.restrica.fa	99.12	0.491	99.01-99.24	0.491	0.47-0.51	1	1.310	9486/31580	96.19	NC_040193.1 Malassezia restricta chromosome I, complete sequence
chng_reads/SRR1950738_1.fastq.gz	../sylph-test/refs/m.globosa.fa	98.10	0.513	97.98-98.23	0.513	0.49-0.53	1	1.301	8688/38437	95.32	NW_001849832.1 Malassezia globosa CBS 7966 MGL_SF_1028.1, whole genome shotgun sequence
chng_reads/SRR1950739_1.fastq.gz	../sylph-test/refs/m.restrica.fa	99.67	1.289	99.63-99.71	1.289	1.26-1.32	2	1.874	20866/31580	98.67	NC_040193.1 Malassezia restricta chromosome I, complete sequence
chng_reads/SRR1950739_1.fastq.gz	../sylph-test/refs/m.globosa.fa	97.71	0.221	97.45-97.96	0.221	0.20-0.24	1	1.129	3824/38437	92.83	NW_001849832.1 Malassezia globosa CBS 7966 MGL_SF_1028.1, whole genome shotgun sequence
chng_reads/SRR1950732_1.fastq.gz	../sylph-test/refs/m.restrica.fa	99.70	1.370	99.67-99.74	1.370	1.33-1.39	2	2.074	21710/31580	98.80	NC_040193.1 Malassezia restricta chromosome I, complete sequence
chng_reads/SRR1950732_1.fastq.gz	../sylph-test/refs/m.globosa.fa	97.01	0.415	96.85-97.17	0.415	0.39-0.44	1	1.250	5214/38437	93.76	NW_001849832.1 Malassezia globosa CBS 7966 MGL_SF_1028.1, whole genome shotgun sequence
chng_reads/SRR1950741_1.fastq.gz	../sylph-test/refs/m.restrica.fa	99.68	1.385	99.64-99.72	1.385	1.35-1.41	2	1.942	21685/31580	98.79	NC_040193.1 Malassezia restricta chromosome I, complete sequence
chng_reads/SRR1950741_1.fastq.gz	../sylph-test/refs/m.globosa.fa	98.50	0.975	98.45-98.56	0.975	0.95-1.00	1	1.599	15217/38437	97.06	NW_001849832.1 Malassezia globosa CBS 7966 MGL_SF_1028.1, whole genome shotgun sequence
chng_reads/SRR1950727_1.fastq.gz	../sylph-test/refs/m.globosa.fa	98.04	0.343	97.88-98.21	0.343	0.32-0.36	1	1.193	6200/38437	94.28	NW_001849832.1 Malassezia globosa CBS 7966 MGL_SF_1028.1, whole genome shotgun sequence
chng_reads/SRR1950727_1.fastq.gz	../sylph-test/refs/m.restrica.fa	97.78	0.259	97.46-98.06	0.259	0.23-0.29	1	1.172	3662/31580	93.29	NC_040193.1 Malassezia restricta chromosome I, complete sequence
chng_reads/SRR1950725_1.fastq.gz	../sylph-test/refs/m.restrica.fa	99.48	0.722	99.41-99.57	0.722	0.70-0.74	1	1.453	14051/31580	97.42	NC_040193.1 Malassezia restricta chromosome I, complete sequence
chng_reads/SRR1950725_1.fastq.gz	../sylph-test/refs/m.globosa.fa	98.35	0.595	98.26-98.48	0.595	0.57-0.61	1	1.339	10507/38437	95.90	NW_001849832.1 Malassezia globosa CBS 7966 MGL_SF_1028.1, whole genome shotgun sequence
chng_reads/SRR1950724_1.fastq.gz	../sylph-test/refs/m.restrica.fa	99.86	14.000	NA-NA	HIGH	NA-NA	14	13.415	30224/31580	99.86	NC_040193.1 Malassezia restricta chromosome I, complete sequence
chng_reads/SRR1950724_1.fastq.gz	../sylph-test/refs/m.globosa.fa	98.56	1.758	98.52-98.60	1.758	1.72-1.81	2	2.271	20495/38437	97.99	NW_001849832.1 Malassezia globosa CBS 7966 MGL_SF_1028.1, whole genome shotgun sequence
chng_reads/SRR1950749_1.fastq.gz	../sylph-test/refs/m.restrica.fa	97.76	0.643	97.64-97.87	0.643	0.61-0.67	1	1.463	7548/31580	95.49	NC_040193.1 Malassezia restricta chromosome I, complete sequence
chng_reads/SRR1950749_1.fastq.gz	../sylph-test/refs/m.globosa.fa	96.66	0.670	96.54-96.77	0.670	0.64-0.70	1	1.456	6687/38437	94.51	NW_001849832.1 Malassezia globosa CBS 7966 MGL_SF_1028.1, whole genome shotgun sequence
chng_reads/SRR1950747_1.fastq.gz	../sylph-test/refs/m.restrica.fa	97.85	1.013	97.77-97.94	1.013	0.97-1.05	1	1.812	10402/31580	96.48	NC_040193.1 Malassezia restricta chromosome I, complete sequence
chng_reads/SRR1950747_1.fastq.gz	../sylph-test/refs/m.globosa.fa	95.20	0.913	95.08-95.31	0.913	0.86-0.96	1	1.619	5109/38437	93.70	NW_001849832.1 Malassezia globosa CBS 7966 MGL_SF_1028.1, whole genome shotgun sequence
chng_reads/SRR1950742_1.fastq.gz	../sylph-test/refs/m.restrica.fa	99.71	4.000	NA-NA	HIGH	NA-NA	4	4.498	28847/31580	99.71	NC_040193.1 Malassezia restricta chromosome I, complete sequence
chng_reads/SRR1950742_1.fastq.gz	../sylph-test/refs/m.globosa.fa	98.72	1.369	98.68-98.77	1.369	1.33-1.41	2	1.978	19469/38437	97.83	NW_001849832.1 Malassezia globosa CBS 7966 MGL_SF_1028.1, whole genome shotgun sequence
chng_reads/SRR1950731_1.fastq.gz	../sylph-test/refs/m.restrica.fa	99.65	1.068	99.60-99.70	1.068	1.04-1.10	1	1.744	18845/31580	98.35	NC_040193.1 Malassezia restricta chromosome I, complete sequence
chng_reads/SRR1950731_1.fastq.gz	../sylph-test/refs/m.globosa.fa	97.56	0.320	97.37-97.72	0.320	0.30-0.34	1	1.191	5005/38437	93.64	NW_001849832.1 Malassezia globosa CBS 7966 MGL_SF_1028.1, whole genome shotgun sequence
chng_reads/SRR1950733_1.fastq.gz	../sylph-test/refs/m.restrica.fa	99.61	1.315	99.57-99.65	1.315	1.28-1.35	2	1.935	20684/31580	98.64	NC_040193.1 Malassezia restricta chromosome I, complete sequence
chng_reads/SRR1950733_1.fastq.gz	../sylph-test/refs/m.globosa.fa	98.49	1.507	98.45-98.54	1.507	1.47-1.55	2	2.100	18886/38437	97.73	NW_001849832.1 Malassezia globosa CBS 7966 MGL_SF_1028.1, whole genome shotgun sequence
chng_reads/SRR1950748_1.fastq.gz	../sylph-test/refs/m.restrica.fa	98.12	1.208	98.05-98.18	1.208	1.17-1.25	2	2.133	12473/31580	97.05	NC_040193.1 Malassezia restricta chromosome I, complete sequence
chng_reads/SRR1950748_1.fastq.gz	../sylph-test/refs/m.globosa.fa	94.76	1.018	94.64-94.87	1.018	0.96-1.08	1	1.785	4726/38437	93.46	NW_001849832.1 Malassezia globosa CBS 7966 MGL_SF_1028.1, whole genome shotgun sequence
chng_reads/SRR1950721_1.fastq.gz	../sylph-test/refs/m.restrica.fa	99.56	0.746	99.48-99.64	0.746	0.72-0.77	1	1.481	14702/31580	97.56	NC_040193.1 Malassezia restricta chromosome I, complete sequence
chng_reads/SRR1950721_1.fastq.gz	../sylph-test/refs/m.globosa.fa	98.36	0.723	98.28-98.45	0.723	0.69-0.75	1	1.420	12054/38437	96.33	NW_001849832.1 Malassezia globosa CBS 7966 MGL_SF_1028.1, whole genome shotgun sequence
chng_reads/SRR1950746_1.fastq.gz	../sylph-test/refs/m.restrica.fa	98.20	0.673	98.09-98.33	0.673	0.64-0.71	1	1.480	8969/31580	96.02	NC_040193.1 Malassezia restricta chromosome I, complete sequence
chng_reads/SRR1950746_1.fastq.gz	../sylph-test/refs/m.globosa.fa	95.05	0.391	94.73-95.23	0.391	0.36-0.43	1	1.244	2646/38437	91.73	NW_001849832.1 Malassezia globosa CBS 7966 MGL_SF_1028.1, whole genome shotgun sequence
chng_reads/SRR1950735_1.fastq.gz	../sylph-test/refs/m.restrica.fa	99.81	8.000	NA-NA	HIGH	NA-NA	8	8.292	29782/31580	99.81	NC_040193.1 Malassezia restricta chromosome I, complete sequence
chng_reads/SRR1950735_1.fastq.gz	../sylph-test/refs/m.globosa.fa	98.44	0.809	98.36-98.51	0.809	0.78-0.83	1	1.504	13308/38437	96.64	NW_001849832.1 Malassezia globosa CBS 7966 MGL_SF_1028.1, whole genome shotgun sequence
chng_reads/SRR1950734_1.fastq.gz	../sylph-test/refs/m.restrica.fa	99.47	0.469	99.38-99.56	0.469	0.45-0.49	1	1.290	10210/31580	96.42	NC_040193.1 Malassezia restricta chromosome I, complete sequence
chng_reads/SRR1950734_1.fastq.gz	../sylph-test/refs/m.globosa.fa	98.43	0.963	98.36-98.49	0.963	0.93-0.99	1	1.599	14778/38437	96.96	NW_001849832.1 Malassezia globosa CBS 7966 MGL_SF_1028.1, whole genome shotgun sequence
chng_reads/SRR1950723_1.fastq.gz	../sylph-test/refs/m.restrica.fa	99.85	9.000	NA-NA	HIGH	NA-NA	9	9.127	30140/31580	99.85	NC_040193.1 Malassezia restricta chromosome I, complete sequence
chng_reads/SRR1950723_1.fastq.gz	../sylph-test/refs/m.globosa.fa	98.51	1.248	98.45-98.57	1.248	1.21-1.28	2	1.810	17430/38437	97.48	NW_001849832.1 Malassezia globosa CBS 7966 MGL_SF_1028.1, whole genome shotgun sequence
chng_reads/SRR1950729_1.fastq.gz	../sylph-test/refs/m.restrica.fa	98.90	0.674	98.80-99.02	0.674	0.65-0.70	1	1.434	11178/31580	96.71	NC_040193.1 Malassezia restricta chromosome I, complete sequence
chng_reads/SRR1950729_1.fastq.gz	../sylph-test/refs/m.globosa.fa	96.34	0.391	96.10-96.54	0.391	0.36-0.42	1	1.239	4012/38437	92.97	NW_001849832.1 Malassezia globosa CBS 7966 MGL_SF_1028.1, whole genome shotgun sequence
chng_reads/SRR1950750_1.fastq.gz	../sylph-test/refs/m.restrica.fa	99.25	0.919	99.19-99.34	0.919	0.88-0.95	1	1.701	15253/31580	97.68	NC_040193.1 Malassezia restricta chromosome I, complete sequence
chng_reads/SRR1950750_1.fastq.gz	../sylph-test/refs/m.globosa.fa	98.26	1.166	98.19-98.32	1.166	1.13-1.21	2	1.892	15568/38437	97.13	NW_001849832.1 Malassezia globosa CBS 7966 MGL_SF_1028.1, whole genome shotgun sequence
chng_reads/SRR1950760_1.fastq.gz	../sylph-test/refs/m.restrica.fa	99.18	0.384	99.05-99.31	0.384	0.36-0.40	1	1.241	7962/31580	95.65	NC_040193.1 Malassezia restricta chromosome I, complete sequence
chng_reads/SRR1950760_1.fastq.gz	../sylph-test/refs/m.globosa.fa	95.63	0.121	94.96-96.33	0.121	0.10-0.15	1	1.183	1123/38437	89.23	NW_001849832.1 Malassezia globosa CBS 7966 MGL_SF_1028.1, whole genome shotgun sequence
chng_reads/SRR1950775_1.fastq.gz	../sylph-test/refs/m.globosa.fa	88.79	1.150	88.45-89.01	1.150	0.98-1.37	2	2.046	672/38437	87.76	NW_001849832.1 Malassezia globosa CBS 7966 MGL_SF_1028.1, whole genome shotgun sequence
chng_reads/SRR1950775_1.fastq.gz	../sylph-test/refs/m.restrica.fa	88.18	1.134	87.78-88.55	1.134	0.99-1.34	2	1.891	439/31580	87.12	NC_040193.1 Malassezia restricta chromosome I, complete sequence
chng_reads/SRR1950767_1.fastq.gz	../sylph-test/refs/m.restrica.fa	95.20	0.959	95.06-95.33	0.959	0.90-1.01	1	1.731	4300/31580	93.77	NC_040193.1 Malassezia restricta chromosome I, complete sequence
chng_reads/SRR1950767_1.fastq.gz	../sylph-test/refs/m.globosa.fa	88.03	0.749	87.56-88.64	0.749	0.60-0.91	1	1.677	412/38437	86.39	NW_001849832.1 Malassezia globosa CBS 7966 MGL_SF_1028.1, whole genome shotgun sequence
chng_reads/SRR1950769_1.fastq.gz	../sylph-test/refs/m.restrica.fa	96.46	1.089	96.36-96.56	1.089	1.04-1.15	1	1.857	6953/31580	95.24	NC_040193.1 Malassezia restricta chromosome I, complete sequence
chng_reads/SRR1950769_1.fastq.gz	../sylph-test/refs/m.globosa.fa	91.33	0.889	91.09-91.52	0.889	0.80-0.98	1	1.626	1402/38437	89.87	NW_001849832.1 Malassezia globosa CBS 7966 MGL_SF_1028.1, whole genome shotgun sequence
chng_reads/SRR1950762_1.fastq.gz	../sylph-test/refs/m.restrica.fa	91.31	0.398	90.78-91.81	0.398	0.33-0.47	1	1.280	632/31580	88.15	NC_040193.1 Malassezia restricta chromosome I, complete sequence
chng_reads/SRR1950762_1.fastq.gz	../sylph-test/refs/m.globosa.fa	90.86	0.512	90.48-91.23	0.512	0.44-0.59	1	1.365	808/38437	88.29	NW_001849832.1 Malassezia globosa CBS 7966 MGL_SF_1028.1, whole genome shotgun sequence
chng_reads/SRR1950774_1.fastq.gz	../sylph-test/refs/m.restrica.fa	95.81	0.508	95.66-96.01	0.508	0.47-0.54	1	1.333	3400/31580	93.06	NC_040193.1 Malassezia restricta chromosome I, complete sequence
chng_reads/SRR1950774_1.fastq.gz	../sylph-test/refs/m.globosa.fa	93.48	0.400	93.15-93.75	0.400	0.36-0.46	1	1.304	1610/38437	90.27	NW_001849832.1 Malassezia globosa CBS 7966 MGL_SF_1028.1, whole genome shotgun sequence
chng_reads/SRR1950752_1.fastq.gz	../sylph-test/refs/m.restrica.fa	94.83	0.920	94.70-94.97	0.920	0.85-0.97	1	1.647	3717/31580	93.33	NC_040193.1 Malassezia restricta chromosome I, complete sequence
chng_reads/SRR1950752_1.fastq.gz	../sylph-test/refs/m.globosa.fa	90.81	0.898	90.57-90.98	0.898	0.81-1.00	1	1.556	1185/38437	89.38	NW_001849832.1 Malassezia globosa CBS 7966 MGL_SF_1028.1, whole genome shotgun sequence
chng_reads/SRR1950751_1.fastq.gz	../sylph-test/refs/m.restrica.fa	96.11	0.971	96.01-96.23	0.971	0.92-1.03	1	1.727	5829/31580	94.70	NC_040193.1 Malassezia restricta chromosome I, complete sequence
chng_reads/SRR1950751_1.fastq.gz	../sylph-test/refs/m.globosa.fa	91.60	0.893	91.39-91.81	0.893	0.79-0.98	1	1.578	1539/38437	90.14	NW_001849832.1 Malassezia globosa CBS 7966 MGL_SF_1028.1, whole genome shotgun sequence
chng_reads/SRR1950768_1.fastq.gz	../sylph-test/refs/m.restrica.fa	90.98	7.000	NA-NA	HIGH	NA-NA	7	7.078	1684/31580	90.98	NC_040193.1 Malassezia restricta chromosome I, complete sequence
chng_reads/SRR1950768_1.fastq.gz	../sylph-test/refs/m.globosa.fa	84.50	7.000	NA-NA	HIGH	NA-NA	7	7.510	208/38437	84.50	NW_001849832.1 Malassezia globosa CBS 7966 MGL_SF_1028.1, whole genome shotgun sequence
chng_reads/SRR1950761_1.fastq.gz	../sylph-test/refs/m.restrica.fa	92.35	0.203	91.62-93.36	0.203	0.15-0.26	1	1.104	502/31580	87.49	NC_040193.1 Malassezia restricta chromosome I, complete sequence
chng_reads/SRR1950761_1.fastq.gz	../sylph-test/refs/m.globosa.fa	91.39	0.222	90.69-92.05	0.222	0.17-0.28	1	1.129	487/38437	86.86	NW_001849832.1 Malassezia globosa CBS 7966 MGL_SF_1028.1, whole genome shotgun sequence
chng_reads/SRR1950755_1.fastq.gz	../sylph-test/refs/m.restrica.fa	99.56	4.000	NA-NA	HIGH	NA-NA	4	4.475	27510/31580	99.56	NC_040193.1 Malassezia restricta chromosome I, complete sequence
chng_reads/SRR1950755_1.fastq.gz	../sylph-test/refs/m.globosa.fa	94.44	0.917	94.30-94.60	0.917	0.85-0.96	1	1.619	3994/38437	92.96	NW_001849832.1 Malassezia globosa CBS 7966 MGL_SF_1028.1, whole genome shotgun sequence
chng_reads/SRR1950770_1.fastq.gz	../sylph-test/refs/m.restrica.fa	95.87	1.298	95.78-95.97	1.298	1.22-1.37	2	2.159	6288/31580	94.93	NC_040193.1 Malassezia restricta chromosome I, complete sequence
chng_reads/SRR1950770_1.fastq.gz	../sylph-test/refs/m.globosa.fa	90.29	1.269	90.09-90.44	1.269	1.14-1.42	2	2.021	1199/38437	89.42	NW_001849832.1 Malassezia globosa CBS 7966 MGL_SF_1028.1, whole genome shotgun sequence
chng_reads/SRR1950756_1.fastq.gz	../sylph-test/refs/m.restrica.fa	99.61	3.000	NA-NA	HIGH	NA-NA	3	3.635	27991/31580	99.61	NC_040193.1 Malassezia restricta chromosome I, complete sequence
chng_reads/SRR1950756_1.fastq.gz	../sylph-test/refs/m.globosa.fa	96.94	0.514	96.80-97.08	0.514	0.49-0.54	1	1.320	6021/38437	94.20	NW_001849832.1 Malassezia globosa CBS 7966 MGL_SF_1028.1, whole genome shotgun sequence
chng_reads/SRR1950754_1.fastq.gz	../sylph-test/refs/m.restrica.fa	97.45	1.121	97.36-97.54	1.121	1.07-1.17	2	1.932	9676/31580	96.26	NC_040193.1 Malassezia restricta chromosome I, complete sequence
chng_reads/SRR1950754_1.fastq.gz	../sylph-test/refs/m.globosa.fa	91.63	0.878	91.40-91.82	0.878	0.79-0.97	1	1.619	1544/38437	90.15	NW_001849832.1 Malassezia globosa CBS 7966 MGL_SF_1028.1, whole genome shotgun sequence
chng_reads/SRR1950777_1.fastq.gz	../sylph-test/refs/m.restrica.fa	96.58	0.505	96.43-96.76	0.505	0.47-0.54	1	1.309	4331/31580	93.79	NC_040193.1 Malassezia restricta chromosome I, complete sequence
chng_reads/SRR1950777_1.fastq.gz	../sylph-test/refs/m.globosa.fa	92.28	0.306	91.83-92.79	0.306	0.25-0.36	1	1.301	864/38437	88.48	NW_001849832.1 Malassezia globosa CBS 7966 MGL_SF_1028.1, whole genome shotgun sequence
chng_reads/SRR1950771_1.fastq.gz	../sylph-test/refs/m.restrica.fa	95.66	1.135	95.53-95.78	1.135	1.06-1.20	1	1.838	5480/31580	94.51	NC_040193.1 Malassezia restricta chromosome I, complete sequence
chng_reads/SRR1950771_1.fastq.gz	../sylph-test/refs/m.globosa.fa	85.84	0.660	85.12-86.60	0.660	0.47-0.91	1	1.921	177/38437	84.07	NW_001849832.1 Malassezia globosa CBS 7966 MGL_SF_1028.1, whole genome shotgun sequence
chng_reads/SRR1950753_1.fastq.gz	../sylph-test/refs/m.restrica.fa	98.00	0.529	97.89-98.13	0.529	0.50-0.55	1	1.354	7057/31580	95.28	NC_040193.1 Malassezia restricta chromosome I, complete sequence
chng_reads/SRR1950753_1.fastq.gz	../sylph-test/refs/m.globosa.fa	92.34	0.320	91.88-92.86	0.320	0.27-0.37	1	1.255	921/38437	88.66	NW_001849832.1 Malassezia globosa CBS 7966 MGL_SF_1028.1, whole genome shotgun sequence
chng_reads/SRR1950773_1.fastq.gz	../sylph-test/refs/m.restrica.fa	97.12	0.660	96.95-97.26	0.660	0.62-0.70	1	1.509	6269/31580	94.92	NC_040193.1 Malassezia restricta chromosome I, complete sequence
chng_reads/SRR1950773_1.fastq.gz	../sylph-test/refs/m.globosa.fa	94.31	0.568	94.10-94.53	0.568	0.52-0.61	1	1.368	2779/38437	91.88	NW_001849832.1 Malassezia globosa CBS 7966 MGL_SF_1028.1, whole genome shotgun sequence
chng_reads/SRR1950776_1.fastq.gz	../sylph-test/refs/m.restrica.fa	88.88	1.089	88.55-89.18	1.089	0.93-1.31	2	2.029	550/31580	87.75	NC_040193.1 Malassezia restricta chromosome I, complete sequence
chng_reads/SRR1950776_1.fastq.gz	../sylph-test/refs/m.globosa.fa	87.80	1.443	87.51-88.10	1.443	1.20-1.74	2	2.197	533/38437	87.11	NW_001849832.1 Malassezia globosa CBS 7966 MGL_SF_1028.1, whole genome shotgun sequence
chng_reads/SRR1950758_1.fastq.gz	../sylph-test/refs/m.restrica.fa	99.22	0.523	99.11-99.36	0.523	0.50-0.54	1	1.339	10276/31580	96.44	NC_040193.1 Malassezia restricta chromosome I, complete sequence
chng_reads/SRR1950758_1.fastq.gz	../sylph-test/refs/m.globosa.fa	93.78	0.175	93.21-94.39	0.175	0.14-0.21	1	1.142	876/38437	88.52	NW_001849832.1 Malassezia globosa CBS 7966 MGL_SF_1028.1, whole genome shotgun sequence
chng_reads/SRR1950759_1.fastq.gz	../sylph-test/refs/m.restrica.fa	99.53	1.345	99.50-99.58	1.345	1.31-1.38	2	2.178	20443/31580	98.61	NC_040193.1 Malassezia restricta chromosome I, complete sequence
chng_reads/SRR1950759_1.fastq.gz	../sylph-test/refs/m.globosa.fa	95.78	0.550	95.63-95.96	0.550	0.51-0.58	1	1.366	4368/38437	93.23	NW_001849832.1 Malassezia globosa CBS 7966 MGL_SF_1028.1, whole genome shotgun sequence
chng_reads/SRR1950763_1.fastq.gz	../sylph-test/refs/m.restrica.fa	96.24	3.000	NA-NA	HIGH	NA-NA	3	3.095	9615/31580	96.24	NC_040193.1 Malassezia restricta chromosome I, complete sequence
chng_reads/SRR1950763_1.fastq.gz	../sylph-test/refs/m.globosa.fa	88.82	1.676	88.62-89.04	1.676	1.43-1.88	2	2.538	824/38437	88.34	NW_001849832.1 Malassezia globosa CBS 7966 MGL_SF_1028.1, whole genome shotgun sequence
chng_reads/SRR1950764_1.fastq.gz	../sylph-test/refs/m.restrica.fa	94.18	3.000	NA-NA	HIGH	NA-NA	3	3.660	4919/31580	94.18	NC_040193.1 Malassezia restricta chromosome I, complete sequence
chng_reads/SRR1950764_1.fastq.gz	../sylph-test/refs/m.globosa.fa	87.44	3.000	NA-NA	HIGH	NA-NA	3	3.400	600/38437	87.44	NW_001849832.1 Malassezia globosa CBS 7966 MGL_SF_1028.1, whole genome shotgun sequence
chng_reads/SRR1950772_1.fastq.gz	../sylph-test/refs/m.restrica.fa	96.58	1.395	96.49-96.66	1.395	1.31-1.47	2	2.233	8154/31580	95.73	NC_040193.1 Malassezia restricta chromosome I, complete sequence
chng_reads/SRR1950772_1.fastq.gz	../sylph-test/refs/m.globosa.fa	86.66	1.127	86.24-87.12	1.127	0.89-1.36	2	2.132	325/38437	85.73	NW_001849832.1 Malassezia globosa CBS 7966 MGL_SF_1028.1, whole genome shotgun sequence
chng_reads/SRR1950766_1.fastq.gz	../sylph-test/refs/m.restrica.fa	99.13	0.660	99.04-99.24	0.660	0.63-0.68	1	1.454	11836/31580	96.88	NC_040193.1 Malassezia restricta chromosome I, complete sequence
chng_reads/SRR1950766_1.fastq.gz	../sylph-test/refs/m.globosa.fa	96.62	0.385	96.42-96.80	0.385	0.36-0.41	1	1.236	4333/38437	93.20	NW_001849832.1 Malassezia globosa CBS 7966 MGL_SF_1028.1, whole genome shotgun sequence
chng_reads/SRR1950778_1.fastq.gz	../sylph-test/refs/m.restrica.fa	97.49	0.524	97.37-97.64	0.524	0.49-0.55	1	1.351	5968/31580	94.77	NC_040193.1 Malassezia restricta chromosome I, complete sequence
chng_reads/SRR1950778_1.fastq.gz	../sylph-test/refs/m.globosa.fa	93.40	0.374	93.06-93.69	0.374	0.33-0.42	1	1.279	1486/38437	90.04	NW_001849832.1 Malassezia globosa CBS 7966 MGL_SF_1028.1, whole genome shotgun sequence
chng_reads/SRR1950779_1.fastq.gz	../sylph-test/refs/m.restrica.fa	99.67	4.000	NA-NA	HIGH	NA-NA	4	4.679	28465/31580	99.67	NC_040193.1 Malassezia restricta chromosome I, complete sequence
chng_reads/SRR1950779_1.fastq.gz	../sylph-test/refs/m.globosa.fa	97.60	0.159	97.23-97.97	0.159	0.14-0.18	1	1.099	2741/38437	91.83	NW_001849832.1 Malassezia globosa CBS 7966 MGL_SF_1028.1, whole genome shotgun sequence
chng_reads/SRR1950765_1.fastq.gz	../sylph-test/refs/m.restrica.fa	98.66	0.697	98.56-98.77	0.697	0.67-0.73	1	1.518	10610/31580	96.54	NC_040193.1 Malassezia restricta chromosome I, complete sequence
chng_reads/SRR1950765_1.fastq.gz	../sylph-test/refs/m.globosa.fa	94.93	0.445	94.65-95.15	0.445	0.41-0.48	1	1.267	2828/38437	91.93	NW_001849832.1 Malassezia globosa CBS 7966 MGL_SF_1028.1, whole genome shotgun sequence
chng_reads/SRR1950757_1.fastq.gz	../sylph-test/refs/m.restrica.fa	99.14	1.270	99.10-99.19	1.270	1.24-1.31	2	2.137	17584/31580	98.13	NC_040193.1 Malassezia restricta chromosome I, complete sequence
chng_reads/SRR1950757_1.fastq.gz	../sylph-test/refs/m.globosa.fa	93.56	0.672	93.37-93.74	0.672	0.62-0.73	1	1.447	2455/38437	91.51	NW_001849832.1 Malassezia globosa CBS 7966 MGL_SF_1028.1, whole genome shotgun sequence
chng_reads/SRR1950780_1.fastq.gz	../sylph-test/refs/m.restrica.fa	99.70	1.821	99.66-99.73	1.821	1.78-1.87	2	2.321	24301/31580	99.16	NC_040193.1 Malassezia restricta chromosome I, complete sequence
chng_reads/SRR1950780_1.fastq.gz	../sylph-test/refs/m.globosa.fa	98.29	0.429	98.15-98.44	0.429	0.41-0.45	1	1.238	8022/38437	95.07	NW_001849832.1 Malassezia globosa CBS 7966 MGL_SF_1028.1, whole genome shotgun sequence
chng_reads/SRR1950782_1.fastq.gz	../sylph-test/refs/m.restrica.fa	99.25	0.918	99.19-99.34	0.918	0.89-0.94	1	1.655	15268/31580	97.68	NC_040193.1 Malassezia restricta chromosome I, complete sequence
chng_reads/SRR1950782_1.fastq.gz	../sylph-test/refs/m.globosa.fa	96.81	0.474	96.66-96.98	0.474	0.44-0.50	1	1.300	5424/38437	93.88	NW_001849832.1 Malassezia globosa CBS 7966 MGL_SF_1028.1, whole genome shotgun sequence
chng_reads/SRR1950783_1.fastq.gz	../sylph-test/refs/m.restrica.fa	99.06	0.484	98.93-99.17	0.484	0.46-0.51	1	1.298	9194/31580	96.10	NC_040193.1 Malassezia restricta chromosome I, complete sequence
chng_reads/SRR1950783_1.fastq.gz	../sylph-test/refs/m.globosa.fa	97.01	0.230	96.70-97.28	0.230	0.21-0.25	1	1.143	3159/38437	92.26	NW_001849832.1 Malassezia globosa CBS 7966 MGL_SF_1028.1, whole genome shotgun sequence
chng_reads/SRR1950786_1.fastq.gz	../sylph-test/refs/m.restrica.fa	99.82	1.859	99.79-99.86	1.859	1.80-1.91	2	2.491	25446/31580	99.31	NC_040193.1 Malassezia restricta chromosome I, complete sequence
chng_reads/SRR1950786_1.fastq.gz	../sylph-test/refs/m.globosa.fa	98.47	0.947	98.40-98.53	0.947	0.92-0.98	1	1.600	14804/38437	96.97	NW_001849832.1 Malassezia globosa CBS 7966 MGL_SF_1028.1, whole genome shotgun sequence
chng_reads/SRR1950789_1.fastq.gz	../sylph-test/refs/m.restrica.fa	99.32	0.634	99.23-99.42	0.634	0.61-0.66	1	1.404	12219/31580	96.98	NC_040193.1 Malassezia restricta chromosome I, complete sequence
chng_reads/SRR1950789_1.fastq.gz	../sylph-test/refs/m.globosa.fa	97.96	0.315	97.79-98.14	0.315	0.29-0.33	1	1.182	5613/38437	93.98	NW_001849832.1 Malassezia globosa CBS 7966 MGL_SF_1028.1, whole genome shotgun sequence
